,freq,angle,ch_length,velocity,thickness,dec
1,800,0.0,0.3048,71.3,0.002663370,126.201
2,1000,0.0,0.3048,71.3,0.002663370,125.201
3,1250,0.0,0.3048,71.3,0.002663370,125.951
4,1600,0.0,0.3048,71.3,0.002663370,127.591
5,2000,0.0,0.3048,71.3,0.002663370,127.461
6,2500,0.0,0.3048,71.3,0.002663370,125.571
7,3150,0.0,0.3048,71.3,0.002663370,125.201
8,4000,0.0,0.3048,71.3,0.002663370,123.061
9,5000,0.0,0.3048,71.3,0.002663370,121.301
10,6300,0.0,0.3048,71.3,0.002663370,119.541
11,8000,0.0,0.3048,71.3,0.002663370,117.151
12,10000,0.0,0.3048,71.3,0.002663370,115.391
13,12500,0.0,0.3048,71.3,0.002663370,112.241
14,16000,0.0,0.3048,71.3,0.002663370,108.721
15,500,0.0,0.3048,55.5,0.002830810,126.416
16,630,0.0,0.3048,55.5,0.002830810,127.696
17,800,0.0,0.3048,55.5,0.002830810,128.086
18,1000,0.0,0.3048,55.5,0.002830810,126.966
19,1250,0.0,0.3048,55.5,0.002830810,126.086
20,1600,0.0,0.3048,55.5,0.002830810,126.986
21,2000,0.0,0.3048,55.5,0.002830810,126.616
22,2500,0.0,0.3048,55.5,0.002830810,124.106
23,3150,0.0,0.3048,55.5,0.002830810,123.236
24,4000,0.0,0.3048,55.5,0.002830810,121.106
25,5000,0.0,0.3048,55.5,0.002830810,119.606
26,6300,0.0,0.3048,55.5,0.002830810,117.976
27,8000,0.0,0.3048,55.5,0.002830810,116.476
28,10000,0.0,0.3048,55.5,0.002830810,113.076
29,12500,0.0,0.3048,55.5,0.002830810,111.076
30,200,0.0,0.3048,39.6,0.003101380,118.129
31,250,0.0,0.3048,39.6,0.003101380,119.319
32,315,0.0,0.3048,39.6,0.003101380,122.779
33,400,0.0,0.3048,39.6,0.003101380,124.809
34,500,0.0,0.3048,39.6,0.003101380,126.959
35,630,0.0,0.3048,39.6,0.003101380,128.629
36,800,0.0,0.3048,39.6,0.003101380,129.099
37,1000,0.0,0.3048,39.6,0.003101380,127.899
38,1250,0.0,0.3048,39.6,0.003101380,125.499
39,1600,0.0,0.3048,39.6,0.003101380,124.049
40,2000,0.0,0.3048,39.6,0.003101380,123.689
41,2500,0.0,0.3048,39.6,0.003101380,121.399
42,3150,0.0,0.3048,39.6,0.003101380,120.319
43,4000,0.0,0.3048,39.6,0.003101380,119.229
44,5000,0.0,0.3048,39.6,0.003101380,117.789
45,6300,0.0,0.3048,39.6,0.003101380,116.229
46,8000,0.0,0.3048,39.6,0.003101380,114.779
47,10000,0.0,0.3048,39.6,0.003101380,112.139
48,12500,0.0,0.3048,39.6,0.003101380,109.619
49,200,0.0,0.3048,31.7,0.003312660,117.195
50,250,0.0,0.3048,31.7,0.003312660,118.595
51,315,0.0,0.3048,31.7,0.003312660,122.765
52,400,0.0,0.3048,31.7,0.003312660,125.045
53,500,0.0,0.3048,31.7,0.003312660,127.315
54,630,0.0,0.3048,31.7,0.003312660,129.095
55,800,0.0,0.3048,31.7,0.003312660,129.235
56,1000,0.0,0.3048,31.7,0.003312660,127.365
57,1250,0.0,0.3048,31.7,0.003312660,124.355
58,1600,0.0,0.3048,31.7,0.003312660,122.365
59,2000,0.0,0.3048,31.7,0.003312660,122.375
60,2500,0.0,0.3048,31.7,0.003312660,120.755
61,3150,0.0,0.3048,31.7,0.003312660,119.135
62,4000,0.0,0.3048,31.7,0.003312660,118.145
63,5000,0.0,0.3048,31.7,0.003312660,115.645
64,6300,0.0,0.3048,31.7,0.003312660,113.775
65,8000,0.0,0.3048,31.7,0.003312660,110.515
66,10000,0.0,0.3048,31.7,0.003312660,108.265
67,800,1.5,0.3048,71.3,0.003367290,127.122
68,1000,1.5,0.3048,71.3,0.003367290,125.992
69,1250,1.5,0.3048,71.3,0.003367290,125.872
70,1600,1.5,0.3048,71.3,0.003367290,126.632
71,2000,1.5,0.3048,71.3,0.003367290,126.642
72,2500,1.5,0.3048,71.3,0.003367290,124.512
73,3150,1.5,0.3048,71.3,0.003367290,123.392
74,4000,1.5,0.3048,71.3,0.003367290,121.762
75,5000,1.5,0.3048,71.3,0.003367290,119.632
76,6300,1.5,0.3048,71.3,0.003367290,118.122
77,8000,1.5,0.3048,71.3,0.003367290,115.372
78,10000,1.5,0.3048,71.3,0.003367290,113.492
79,12500,1.5,0.3048,71.3,0.003367290,109.222
80,16000,1.5,0.3048,71.3,0.003367290,106.582
81,315,1.5,0.3048,39.6,0.003921070,121.851
82,400,1.5,0.3048,39.6,0.003921070,124.001
83,500,1.5,0.3048,39.6,0.003921070,126.661
84,630,1.5,0.3048,39.6,0.003921070,128.311
85,800,1.5,0.3048,39.6,0.003921070,128.831
86,1000,1.5,0.3048,39.6,0.003921070,127.581
87,1250,1.5,0.3048,39.6,0.003921070,125.211
88,1600,1.5,0.3048,39.6,0.003921070,122.211
89,2000,1.5,0.3048,39.6,0.003921070,122.101
90,2500,1.5,0.3048,39.6,0.003921070,120.981
91,3150,1.5,0.3048,39.6,0.003921070,119.111
92,4000,1.5,0.3048,39.6,0.003921070,117.741
93,5000,1.5,0.3048,39.6,0.003921070,116.241
94,6300,1.5,0.3048,39.6,0.003921070,114.751
95,8000,1.5,0.3048,39.6,0.003921070,112.251
96,10000,1.5,0.3048,39.6,0.003921070,108.991
97,12500,1.5,0.3048,39.6,0.003921070,106.111
98,400,3.0,0.3048,71.3,0.004257270,127.564
99,500,3.0,0.3048,71.3,0.004257270,128.454
100,630,3.0,0.3048,71.3,0.004257270,129.354
101,800,3.0,0.3048,71.3,0.004257270,129.494
102,1000,3.0,0.3048,71.3,0.004257270,129.004
103,1250,3.0,0.3048,71.3,0.004257270,127.634
104,1600,3.0,0.3048,71.3,0.004257270,126.514
105,2000,3.0,0.3048,71.3,0.004257270,125.524
106,2500,3.0,0.3048,71.3,0.004257270,124.024
107,3150,3.0,0.3048,71.3,0.004257270,121.514
108,4000,3.0,0.3048,71.3,0.004257270,120.264
109,5000,3.0,0.3048,71.3,0.004257270,118.134
110,6300,3.0,0.3048,71.3,0.004257270,116.134
111,8000,3.0,0.3048,71.3,0.004257270,114.634
112,10000,3.0,0.3048,71.3,0.004257270,110.224
113,400,3.0,0.3048,55.5,0.004524920,126.159
114,500,3.0,0.3048,55.5,0.004524920,128.179
115,630,3.0,0.3048,55.5,0.004524920,129.569
116,800,3.0,0.3048,55.5,0.004524920,129.949
117,1000,3.0,0.3048,55.5,0.004524920,129.329
118,1250,3.0,0.3048,55.5,0.004524920,127.329
119,1600,3.0,0.3048,55.5,0.004524920,124.439
120,2000,3.0,0.3048,55.5,0.004524920,123.069
121,2500,3.0,0.3048,55.5,0.004524920,122.439
122,3150,3.0,0.3048,55.5,0.004524920,120.189
123,4000,3.0,0.3048,55.5,0.004524920,118.689
124,5000,3.0,0.3048,55.5,0.004524920,117.309
125,6300,3.0,0.3048,55.5,0.004524920,115.679
126,8000,3.0,0.3048,55.5,0.004524920,113.799
127,10000,3.0,0.3048,55.5,0.004524920,112.169
128,315,3.0,0.3048,39.6,0.004957410,123.312
129,400,3.0,0.3048,39.6,0.004957410,125.472
130,500,3.0,0.3048,39.6,0.004957410,127.632
131,630,3.0,0.3048,39.6,0.004957410,129.292
132,800,3.0,0.3048,39.6,0.004957410,129.552
133,1000,3.0,0.3048,39.6,0.004957410,128.312
134,1250,3.0,0.3048,39.6,0.004957410,125.802
135,1600,3.0,0.3048,39.6,0.004957410,122.782
136,2000,3.0,0.3048,39.6,0.004957410,120.532
137,2500,3.0,0.3048,39.6,0.004957410,120.162
138,3150,3.0,0.3048,39.6,0.004957410,118.922
139,4000,3.0,0.3048,39.6,0.004957410,116.792
140,5000,3.0,0.3048,39.6,0.004957410,115.792
141,6300,3.0,0.3048,39.6,0.004957410,114.042
142,8000,3.0,0.3048,39.6,0.004957410,110.652
143,315,3.0,0.3048,31.7,0.005295140,123.118
144,400,3.0,0.3048,31.7,0.005295140,125.398
145,500,3.0,0.3048,31.7,0.005295140,127.548
146,630,3.0,0.3048,31.7,0.005295140,128.698
147,800,3.0,0.3048,31.7,0.005295140,128.708
148,1000,3.0,0.3048,31.7,0.005295140,126.838
149,1250,3.0,0.3048,31.7,0.005295140,124.838
150,1600,3.0,0.3048,31.7,0.005295140,122.088
151,2000,3.0,0.3048,31.7,0.005295140,120.088
152,2500,3.0,0.3048,31.7,0.005295140,119.598
153,3150,3.0,0.3048,31.7,0.005295140,118.108
154,4000,3.0,0.3048,31.7,0.005295140,115.608
155,5000,3.0,0.3048,31.7,0.005295140,113.858
156,6300,3.0,0.3048,31.7,0.005295140,109.718
157,250,4.0,0.3048,71.3,0.004977730,126.395
158,315,4.0,0.3048,71.3,0.004977730,128.175
159,400,4.0,0.3048,71.3,0.004977730,129.575
160,500,4.0,0.3048,71.3,0.004977730,130.715
161,630,4.0,0.3048,71.3,0.004977730,131.615
162,800,4.0,0.3048,71.3,0.004977730,131.755
163,1000,4.0,0.3048,71.3,0.004977730,131.015
164,1250,4.0,0.3048,71.3,0.004977730,129.395
165,1600,4.0,0.3048,71.3,0.004977730,126.645
166,2000,4.0,0.3048,71.3,0.004977730,124.395
167,2500,4.0,0.3048,71.3,0.004977730,123.775
168,3150,4.0,0.3048,71.3,0.004977730,121.775
169,4000,4.0,0.3048,71.3,0.004977730,119.535
170,5000,4.0,0.3048,71.3,0.004977730,117.785
171,6300,4.0,0.3048,71.3,0.004977730,116.165
172,8000,4.0,0.3048,71.3,0.004977730,113.665
173,10000,4.0,0.3048,71.3,0.004977730,110.905
174,12500,4.0,0.3048,71.3,0.004977730,107.405
175,250,4.0,0.3048,39.6,0.005796360,123.543
176,315,4.0,0.3048,39.6,0.005796360,126.843
177,400,4.0,0.3048,39.6,0.005796360,128.633
178,500,4.0,0.3048,39.6,0.005796360,130.173
179,630,4.0,0.3048,39.6,0.005796360,131.073
180,800,4.0,0.3048,39.6,0.005796360,130.723
181,1000,4.0,0.3048,39.6,0.005796360,128.723
182,1250,4.0,0.3048,39.6,0.005796360,126.343
183,1600,4.0,0.3048,39.6,0.005796360,123.213
184,2000,4.0,0.3048,39.6,0.005796360,120.963
185,2500,4.0,0.3048,39.6,0.005796360,120.233
186,3150,4.0,0.3048,39.6,0.005796360,118.743
187,4000,4.0,0.3048,39.6,0.005796360,115.863
188,5000,4.0,0.3048,39.6,0.005796360,113.733
189,1250,0.0,0.2286,71.3,0.002143450,128.144
190,1600,0.0,0.2286,71.3,0.002143450,129.134
191,2000,0.0,0.2286,71.3,0.002143450,128.244
192,2500,0.0,0.2286,71.3,0.002143450,128.354
193,3150,0.0,0.2286,71.3,0.002143450,127.834
194,4000,0.0,0.2286,71.3,0.002143450,125.824
195,5000,0.0,0.2286,71.3,0.002143450,124.304
196,6300,0.0,0.2286,71.3,0.002143450,122.044
197,8000,0.0,0.2286,71.3,0.002143450,118.024
198,10000,0.0,0.2286,71.3,0.002143450,118.134
199,12500,0.0,0.2286,71.3,0.002143450,117.624
200,16000,0.0,0.2286,71.3,0.002143450,114.984
201,20000,0.0,0.2286,71.3,0.002143450,114.474
202,315,0.0,0.2286,55.5,0.002293360,119.540
203,400,0.0,0.2286,55.5,0.002293360,121.660
204,500,0.0,0.2286,55.5,0.002293360,123.780
205,630,0.0,0.2286,55.5,0.002293360,126.160
206,800,0.0,0.2286,55.5,0.002293360,127.530
207,1000,0.0,0.2286,55.5,0.002293360,128.290
208,1250,0.0,0.2286,55.5,0.002293360,127.910
209,1600,0.0,0.2286,55.5,0.002293360,126.790
210,2000,0.0,0.2286,55.5,0.002293360,126.540
211,2500,0.0,0.2286,55.5,0.002293360,126.540
212,3150,0.0,0.2286,55.5,0.002293360,125.160
213,4000,0.0,0.2286,55.5,0.002293360,123.410
214,5000,0.0,0.2286,55.5,0.002293360,122.410
215,6300,0.0,0.2286,55.5,0.002293360,118.410
216,315,0.0,0.2286,39.6,0.002535110,121.055
217,400,0.0,0.2286,39.6,0.002535110,123.565
218,500,0.0,0.2286,39.6,0.002535110,126.195
219,630,0.0,0.2286,39.6,0.002535110,128.705
220,800,0.0,0.2286,39.6,0.002535110,130.205
221,1000,0.0,0.2286,39.6,0.002535110,130.435
222,1250,0.0,0.2286,39.6,0.002535110,129.395
223,1600,0.0,0.2286,39.6,0.002535110,127.095
224,2000,0.0,0.2286,39.6,0.002535110,125.305
225,2500,0.0,0.2286,39.6,0.002535110,125.025
226,3150,0.0,0.2286,39.6,0.002535110,124.625
227,4000,0.0,0.2286,39.6,0.002535110,123.465
228,5000,0.0,0.2286,39.6,0.002535110,122.175
229,6300,0.0,0.2286,39.6,0.002535110,117.465
230,315,0.0,0.2286,31.7,0.002723800,120.595
231,400,0.0,0.2286,31.7,0.002723800,123.635
232,500,0.0,0.2286,31.7,0.002723800,126.675
233,630,0.0,0.2286,31.7,0.002723800,129.465
234,800,0.0,0.2286,31.7,0.002723800,130.725
235,1000,0.0,0.2286,31.7,0.002723800,130.595
236,1250,0.0,0.2286,31.7,0.002723800,128.805
237,1600,0.0,0.2286,31.7,0.002723800,125.625
238,2000,0.0,0.2286,31.7,0.002723800,123.455
239,2500,0.0,0.2286,31.7,0.002723800,123.445
240,3150,0.0,0.2286,31.7,0.002723800,123.445
241,4000,0.0,0.2286,31.7,0.002723800,122.035
242,5000,0.0,0.2286,31.7,0.002723800,120.505
243,6300,0.0,0.2286,31.7,0.002723800,116.815
244,400,2.0,0.2286,71.3,0.002930310,125.116
245,500,2.0,0.2286,71.3,0.002930310,126.486
246,630,2.0,0.2286,71.3,0.002930310,127.356
247,800,2.0,0.2286,71.3,0.002930310,128.216
248,1000,2.0,0.2286,71.3,0.002930310,128.956
249,1250,2.0,0.2286,71.3,0.002930310,128.816
250,1600,2.0,0.2286,71.3,0.002930310,127.796
251,2000,2.0,0.2286,71.3,0.002930310,126.896
252,2500,2.0,0.2286,71.3,0.002930310,127.006
253,3150,2.0,0.2286,71.3,0.002930310,126.116
254,4000,2.0,0.2286,71.3,0.002930310,124.086
255,5000,2.0,0.2286,71.3,0.002930310,122.816
256,6300,2.0,0.2286,71.3,0.002930310,120.786
257,8000,2.0,0.2286,71.3,0.002930310,115.996
258,10000,2.0,0.2286,71.3,0.002930310,113.086
259,400,2.0,0.2286,55.5,0.003135250,122.292
260,500,2.0,0.2286,55.5,0.003135250,124.692
261,630,2.0,0.2286,55.5,0.003135250,126.842
262,800,2.0,0.2286,55.5,0.003135250,128.492
263,1000,2.0,0.2286,55.5,0.003135250,129.002
264,1250,2.0,0.2286,55.5,0.003135250,128.762
265,1600,2.0,0.2286,55.5,0.003135250,126.752
266,2000,2.0,0.2286,55.5,0.003135250,124.612
267,2500,2.0,0.2286,55.5,0.003135250,123.862
268,3150,2.0,0.2286,55.5,0.003135250,123.742
269,4000,2.0,0.2286,55.5,0.003135250,122.232
270,5000,2.0,0.2286,55.5,0.003135250,120.472
271,6300,2.0,0.2286,55.5,0.003135250,118.712
272,315,2.0,0.2286,39.6,0.003465740,120.137
273,400,2.0,0.2286,39.6,0.003465740,122.147
274,500,2.0,0.2286,39.6,0.003465740,125.157
275,630,2.0,0.2286,39.6,0.003465740,127.417
276,800,2.0,0.2286,39.6,0.003465740,129.037
277,1000,2.0,0.2286,39.6,0.003465740,129.147
278,1250,2.0,0.2286,39.6,0.003465740,128.257
279,1600,2.0,0.2286,39.6,0.003465740,125.837
280,2000,2.0,0.2286,39.6,0.003465740,122.797
281,2500,2.0,0.2286,39.6,0.003465740,121.397
282,3150,2.0,0.2286,39.6,0.003465740,121.627
283,4000,2.0,0.2286,39.6,0.003465740,120.227
284,5000,2.0,0.2286,39.6,0.003465740,118.827
285,6300,2.0,0.2286,39.6,0.003465740,116.417
286,315,2.0,0.2286,31.7,0.003723710,120.147
287,400,2.0,0.2286,31.7,0.003723710,123.417
288,500,2.0,0.2286,31.7,0.003723710,126.677
289,630,2.0,0.2286,31.7,0.003723710,129.057
290,800,2.0,0.2286,31.7,0.003723710,130.307
291,1000,2.0,0.2286,31.7,0.003723710,130.307
292,1250,2.0,0.2286,31.7,0.003723710,128.677
293,1600,2.0,0.2286,31.7,0.003723710,125.797
294,2000,2.0,0.2286,31.7,0.003723710,123.037
295,2500,2.0,0.2286,31.7,0.003723710,121.407
296,3150,2.0,0.2286,31.7,0.003723710,121.527
297,4000,2.0,0.2286,31.7,0.003723710,120.527
298,5000,2.0,0.2286,31.7,0.003723710,118.267
299,6300,2.0,0.2286,31.7,0.003723710,115.137
300,500,4.0,0.2286,71.3,0.004006030,126.758
301,630,4.0,0.2286,71.3,0.004006030,129.038
302,800,4.0,0.2286,71.3,0.004006030,130.688
303,1000,4.0,0.2286,71.3,0.004006030,131.708
304,1250,4.0,0.2286,71.3,0.004006030,131.718
305,1600,4.0,0.2286,71.3,0.004006030,129.468
306,2000,4.0,0.2286,71.3,0.004006030,126.218
307,2500,4.0,0.2286,71.3,0.004006030,124.338
308,3150,4.0,0.2286,71.3,0.004006030,124.108
309,4000,4.0,0.2286,71.3,0.004006030,121.728
310,5000,4.0,0.2286,71.3,0.004006030,121.118
311,6300,4.0,0.2286,71.3,0.004006030,118.618
312,8000,4.0,0.2286,71.3,0.004006030,112.848
313,10000,4.0,0.2286,71.3,0.004006030,113.108
314,12500,4.0,0.2286,71.3,0.004006030,114.258
315,16000,4.0,0.2286,71.3,0.004006030,112.768
316,20000,4.0,0.2286,71.3,0.004006030,109.638
317,400,4.0,0.2286,55.5,0.004286200,123.274
318,500,4.0,0.2286,55.5,0.004286200,127.314
319,630,4.0,0.2286,55.5,0.004286200,129.964
320,800,4.0,0.2286,55.5,0.004286200,131.864
321,1000,4.0,0.2286,55.5,0.004286200,132.134
322,1250,4.0,0.2286,55.5,0.004286200,131.264
323,1600,4.0,0.2286,55.5,0.004286200,128.264
324,2000,4.0,0.2286,55.5,0.004286200,124.254
325,2500,4.0,0.2286,55.5,0.004286200,122.384
326,3150,4.0,0.2286,55.5,0.004286200,122.394
327,4000,4.0,0.2286,55.5,0.004286200,120.654
328,5000,4.0,0.2286,55.5,0.004286200,120.034
329,6300,4.0,0.2286,55.5,0.004286200,117.154
330,8000,4.0,0.2286,55.5,0.004286200,112.524
331,315,4.0,0.2286,39.6,0.004738010,122.229
332,400,4.0,0.2286,39.6,0.004738010,123.879
333,500,4.0,0.2286,39.6,0.004738010,127.039
334,630,4.0,0.2286,39.6,0.004738010,129.579
335,800,4.0,0.2286,39.6,0.004738010,130.469
336,1000,4.0,0.2286,39.6,0.004738010,129.969
337,1250,4.0,0.2286,39.6,0.004738010,128.339
338,1600,4.0,0.2286,39.6,0.004738010,125.319
339,2000,4.0,0.2286,39.6,0.004738010,121.659
340,2500,4.0,0.2286,39.6,0.004738010,119.649
341,3150,4.0,0.2286,39.6,0.004738010,120.419
342,4000,4.0,0.2286,39.6,0.004738010,119.159
343,5000,4.0,0.2286,39.6,0.004738010,117.649
344,6300,4.0,0.2286,39.6,0.004738010,114.249
345,8000,4.0,0.2286,39.6,0.004738010,113.129
346,250,4.0,0.2286,31.7,0.005090680,120.189
347,315,4.0,0.2286,31.7,0.005090680,123.609
348,400,4.0,0.2286,31.7,0.005090680,126.149
349,500,4.0,0.2286,31.7,0.005090680,128.939
350,630,4.0,0.2286,31.7,0.005090680,130.349
351,800,4.0,0.2286,31.7,0.005090680,130.869
352,1000,4.0,0.2286,31.7,0.005090680,129.869
353,1250,4.0,0.2286,31.7,0.005090680,128.119
354,1600,4.0,0.2286,31.7,0.005090680,125.229
355,2000,4.0,0.2286,31.7,0.005090680,122.089
356,2500,4.0,0.2286,31.7,0.005090680,120.209
357,3150,4.0,0.2286,31.7,0.005090680,120.229
358,4000,4.0,0.2286,31.7,0.005090680,118.859
359,5000,4.0,0.2286,31.7,0.005090680,115.969
360,6300,4.0,0.2286,31.7,0.005090680,112.699
361,400,5.3,0.2286,71.3,0.005194200,127.700
362,500,5.3,0.2286,71.3,0.005194200,129.880
363,630,5.3,0.2286,71.3,0.005194200,131.800
364,800,5.3,0.2286,71.3,0.005194200,133.480
365,1000,5.3,0.2286,71.3,0.005194200,134.000
366,1250,5.3,0.2286,71.3,0.005194200,133.380
367,1600,5.3,0.2286,71.3,0.005194200,130.460
368,2000,5.3,0.2286,71.3,0.005194200,125.890
369,2500,5.3,0.2286,71.3,0.005194200,123.740
370,3150,5.3,0.2286,71.3,0.005194200,123.120
371,4000,5.3,0.2286,71.3,0.005194200,120.330
372,5000,5.3,0.2286,71.3,0.005194200,118.050
373,6300,5.3,0.2286,71.3,0.005194200,116.920
374,8000,5.3,0.2286,71.3,0.005194200,114.900
375,10000,5.3,0.2286,71.3,0.005194200,111.350
376,250,5.3,0.2286,39.6,0.006143290,127.011
377,315,5.3,0.2286,39.6,0.006143290,129.691
378,400,5.3,0.2286,39.6,0.006143290,131.221
379,500,5.3,0.2286,39.6,0.006143290,132.251
380,630,5.3,0.2286,39.6,0.006143290,132.011
381,800,5.3,0.2286,39.6,0.006143290,129.491
382,1000,5.3,0.2286,39.6,0.006143290,125.581
383,1250,5.3,0.2286,39.6,0.006143290,125.721
384,1600,5.3,0.2286,39.6,0.006143290,123.081
385,2000,5.3,0.2286,39.6,0.006143290,117.911
386,2500,5.3,0.2286,39.6,0.006143290,116.151
387,3150,5.3,0.2286,39.6,0.006143290,118.441
388,4000,5.3,0.2286,39.6,0.006143290,115.801
389,5000,5.3,0.2286,39.6,0.006143290,115.311
390,6300,5.3,0.2286,39.6,0.006143290,112.541
391,200,7.3,0.2286,71.3,0.010440400,138.758
392,250,7.3,0.2286,71.3,0.010440400,139.918
393,315,7.3,0.2286,71.3,0.010440400,139.808
394,400,7.3,0.2286,71.3,0.010440400,139.438
395,500,7.3,0.2286,71.3,0.010440400,136.798
396,630,7.3,0.2286,71.3,0.010440400,133.768
397,800,7.3,0.2286,71.3,0.010440400,130.748
398,1000,7.3,0.2286,71.3,0.010440400,126.838
399,1250,7.3,0.2286,71.3,0.010440400,127.358
400,1600,7.3,0.2286,71.3,0.010440400,125.728
401,2000,7.3,0.2286,71.3,0.010440400,122.708
402,2500,7.3,0.2286,71.3,0.010440400,122.088
403,3150,7.3,0.2286,71.3,0.010440400,120.458
404,4000,7.3,0.2286,71.3,0.010440400,119.208
405,5000,7.3,0.2286,71.3,0.010440400,115.298
406,6300,7.3,0.2286,71.3,0.010440400,115.818
407,200,7.3,0.2286,55.5,0.011170600,135.234
408,250,7.3,0.2286,55.5,0.011170600,136.384
409,315,7.3,0.2286,55.5,0.011170600,136.284
410,400,7.3,0.2286,55.5,0.011170600,135.924
411,500,7.3,0.2286,55.5,0.011170600,133.174
412,630,7.3,0.2286,55.5,0.011170600,130.934
413,800,7.3,0.2286,55.5,0.011170600,128.444
414,1000,7.3,0.2286,55.5,0.011170600,125.194
415,1250,7.3,0.2286,55.5,0.011170600,125.724
416,1600,7.3,0.2286,55.5,0.011170600,123.354
417,2000,7.3,0.2286,55.5,0.011170600,120.354
418,2500,7.3,0.2286,55.5,0.011170600,118.994
419,3150,7.3,0.2286,55.5,0.011170600,117.134
420,4000,7.3,0.2286,55.5,0.011170600,117.284
421,5000,7.3,0.2286,55.5,0.011170600,113.144
422,6300,7.3,0.2286,55.5,0.011170600,111.534
423,200,7.3,0.2286,39.6,0.012348100,130.989
424,250,7.3,0.2286,39.6,0.012348100,131.889
425,315,7.3,0.2286,39.6,0.012348100,132.149
426,400,7.3,0.2286,39.6,0.012348100,132.039
427,500,7.3,0.2286,39.6,0.012348100,130.299
428,630,7.3,0.2286,39.6,0.012348100,128.929
429,800,7.3,0.2286,39.6,0.012348100,126.299
430,1000,7.3,0.2286,39.6,0.012348100,122.539
431,1250,7.3,0.2286,39.6,0.012348100,123.189
432,1600,7.3,0.2286,39.6,0.012348100,121.059
433,2000,7.3,0.2286,39.6,0.012348100,117.809
434,2500,7.3,0.2286,39.6,0.012348100,116.559
435,3150,7.3,0.2286,39.6,0.012348100,114.309
436,4000,7.3,0.2286,39.6,0.012348100,114.079
437,5000,7.3,0.2286,39.6,0.012348100,111.959
438,6300,7.3,0.2286,39.6,0.012348100,110.839
439,200,7.3,0.2286,31.7,0.013267200,128.679
440,250,7.3,0.2286,31.7,0.013267200,130.089
441,315,7.3,0.2286,31.7,0.013267200,130.239
442,400,7.3,0.2286,31.7,0.013267200,130.269
443,500,7.3,0.2286,31.7,0.013267200,128.169
444,630,7.3,0.2286,31.7,0.013267200,126.189
445,800,7.3,0.2286,31.7,0.013267200,123.209
446,1000,7.3,0.2286,31.7,0.013267200,119.099
447,1250,7.3,0.2286,31.7,0.013267200,120.509
448,1600,7.3,0.2286,31.7,0.013267200,119.039
449,2000,7.3,0.2286,31.7,0.013267200,115.309
450,2500,7.3,0.2286,31.7,0.013267200,114.709
451,3150,7.3,0.2286,31.7,0.013267200,113.229
452,4000,7.3,0.2286,31.7,0.013267200,112.639
453,5000,7.3,0.2286,31.7,0.013267200,111.029
454,6300,7.3,0.2286,31.7,0.013267200,110.689
455,800,0.0,0.1524,71.3,0.001598800,125.817
456,1000,0.0,0.1524,71.3,0.001598800,127.307
457,1250,0.0,0.1524,71.3,0.001598800,128.927
458,1600,0.0,0.1524,71.3,0.001598800,129.667
459,2000,0.0,0.1524,71.3,0.001598800,128.647
460,2500,0.0,0.1524,71.3,0.001598800,128.127
461,3150,0.0,0.1524,71.3,0.001598800,129.377
462,4000,0.0,0.1524,71.3,0.001598800,128.857
463,5000,0.0,0.1524,71.3,0.001598800,126.457
464,6300,0.0,0.1524,71.3,0.001598800,125.427
465,8000,0.0,0.1524,71.3,0.001598800,122.527
466,10000,0.0,0.1524,71.3,0.001598800,120.247
467,12500,0.0,0.1524,71.3,0.001598800,117.087
468,16000,0.0,0.1524,71.3,0.001598800,113.297
469,500,0.0,0.1524,55.5,0.001726680,120.573
470,630,0.0,0.1524,55.5,0.001726680,123.583
471,800,0.0,0.1524,55.5,0.001726680,126.713
472,1000,0.0,0.1524,55.5,0.001726680,128.583
473,1250,0.0,0.1524,55.5,0.001726680,129.953
474,1600,0.0,0.1524,55.5,0.001726680,130.183
475,2000,0.0,0.1524,55.5,0.001726680,129.673
476,2500,0.0,0.1524,55.5,0.001726680,127.763
477,3150,0.0,0.1524,55.5,0.001726680,127.753
478,4000,0.0,0.1524,55.5,0.001726680,127.233
479,5000,0.0,0.1524,55.5,0.001726680,125.203
480,6300,0.0,0.1524,55.5,0.001726680,123.303
481,8000,0.0,0.1524,55.5,0.001726680,121.903
482,10000,0.0,0.1524,55.5,0.001726680,119.253
483,12500,0.0,0.1524,55.5,0.001726680,117.093
484,16000,0.0,0.1524,55.5,0.001726680,112.803
485,500,0.0,0.1524,39.6,0.001932870,119.513
486,630,0.0,0.1524,39.6,0.001932870,124.403
487,800,0.0,0.1524,39.6,0.001932870,127.903
488,1000,0.0,0.1524,39.6,0.001932870,130.033
489,1250,0.0,0.1524,39.6,0.001932870,131.023
490,1600,0.0,0.1524,39.6,0.001932870,131.013
491,2000,0.0,0.1524,39.6,0.001932870,129.633
492,2500,0.0,0.1524,39.6,0.001932870,126.863
493,3150,0.0,0.1524,39.6,0.001932870,125.603
494,4000,0.0,0.1524,39.6,0.001932870,125.343
495,5000,0.0,0.1524,39.6,0.001932870,123.453
496,6300,0.0,0.1524,39.6,0.001932870,121.313
497,8000,0.0,0.1524,39.6,0.001932870,120.553
498,10000,0.0,0.1524,39.6,0.001932870,115.413
499,500,0.0,0.1524,31.7,0.002094050,121.617
500,630,0.0,0.1524,31.7,0.002094050,125.997
501,800,0.0,0.1524,31.7,0.002094050,129.117
502,1000,0.0,0.1524,31.7,0.002094050,130.987
503,1250,0.0,0.1524,31.7,0.002094050,131.467
504,1600,0.0,0.1524,31.7,0.002094050,130.817
505,2000,0.0,0.1524,31.7,0.002094050,128.907
506,2500,0.0,0.1524,31.7,0.002094050,125.867
507,3150,0.0,0.1524,31.7,0.002094050,124.207
508,4000,0.0,0.1524,31.7,0.002094050,123.807
509,5000,0.0,0.1524,31.7,0.002094050,122.397
510,6300,0.0,0.1524,31.7,0.002094050,119.737
511,8000,0.0,0.1524,31.7,0.002094050,117.957
512,630,2.7,0.1524,71.3,0.002438510,127.404
513,800,2.7,0.1524,71.3,0.002438510,127.394
514,1000,2.7,0.1524,71.3,0.002438510,128.774
515,1250,2.7,0.1524,71.3,0.002438510,130.144
516,1600,2.7,0.1524,71.3,0.002438510,130.644
517,2000,2.7,0.1524,71.3,0.002438510,130.114
518,2500,2.7,0.1524,71.3,0.002438510,128.334
519,3150,2.7,0.1524,71.3,0.002438510,127.054
520,4000,2.7,0.1524,71.3,0.002438510,126.534
521,5000,2.7,0.1524,71.3,0.002438510,124.364
522,6300,2.7,0.1524,71.3,0.002438510,121.944
523,8000,2.7,0.1524,71.3,0.002438510,120.534
524,10000,2.7,0.1524,71.3,0.002438510,116.724
525,12500,2.7,0.1524,71.3,0.002438510,113.034
526,16000,2.7,0.1524,71.3,0.002438510,110.364
527,500,2.7,0.1524,39.6,0.002948040,121.009
528,630,2.7,0.1524,39.6,0.002948040,125.809
529,800,2.7,0.1524,39.6,0.002948040,128.829
530,1000,2.7,0.1524,39.6,0.002948040,130.589
531,1250,2.7,0.1524,39.6,0.002948040,130.829
532,1600,2.7,0.1524,39.6,0.002948040,130.049
533,2000,2.7,0.1524,39.6,0.002948040,128.139
534,2500,2.7,0.1524,39.6,0.002948040,125.589
535,3150,2.7,0.1524,39.6,0.002948040,122.919
536,4000,2.7,0.1524,39.6,0.002948040,121.889
537,5000,2.7,0.1524,39.6,0.002948040,121.499
538,6300,2.7,0.1524,39.6,0.002948040,119.209
539,8000,2.7,0.1524,39.6,0.002948040,116.659
540,10000,2.7,0.1524,39.6,0.002948040,112.589
541,12500,2.7,0.1524,39.6,0.002948040,108.649
542,400,5.4,0.1524,71.3,0.004011990,124.121
543,500,5.4,0.1524,71.3,0.004011990,126.291
544,630,5.4,0.1524,71.3,0.004011990,128.971
545,800,5.4,0.1524,71.3,0.004011990,131.281
546,1000,5.4,0.1524,71.3,0.004011990,133.201
547,1250,5.4,0.1524,71.3,0.004011990,134.111
548,1600,5.4,0.1524,71.3,0.004011990,133.241
549,2000,5.4,0.1524,71.3,0.004011990,131.111
550,2500,5.4,0.1524,71.3,0.004011990,127.591
551,3150,5.4,0.1524,71.3,0.004011990,123.311
552,4000,5.4,0.1524,71.3,0.004011990,121.431
553,5000,5.4,0.1524,71.3,0.004011990,120.061
554,6300,5.4,0.1524,71.3,0.004011990,116.411
555,400,5.4,0.1524,55.5,0.004332880,126.807
556,500,5.4,0.1524,55.5,0.004332880,129.367
557,630,5.4,0.1524,55.5,0.004332880,131.807
558,800,5.4,0.1524,55.5,0.004332880,133.097
559,1000,5.4,0.1524,55.5,0.004332880,132.127
560,1250,5.4,0.1524,55.5,0.004332880,130.777
561,1600,5.4,0.1524,55.5,0.004332880,130.567
562,2000,5.4,0.1524,55.5,0.004332880,128.707
563,2500,5.4,0.1524,55.5,0.004332880,124.077
564,3150,5.4,0.1524,55.5,0.004332880,121.587
565,4000,5.4,0.1524,55.5,0.004332880,119.737
566,5000,5.4,0.1524,55.5,0.004332880,118.757
567,6300,5.4,0.1524,55.5,0.004332880,117.287
568,8000,5.4,0.1524,55.5,0.004332880,114.927
569,315,5.4,0.1524,39.6,0.004850290,125.347
570,400,5.4,0.1524,39.6,0.004850290,127.637
571,500,5.4,0.1524,39.6,0.004850290,129.937
572,630,5.4,0.1524,39.6,0.004850290,132.357
573,800,5.4,0.1524,39.6,0.004850290,132.757
574,1000,5.4,0.1524,39.6,0.004850290,130.507
575,1250,5.4,0.1524,39.6,0.004850290,127.117
576,1600,5.4,0.1524,39.6,0.004850290,126.267
577,2000,5.4,0.1524,39.6,0.004850290,124.647
578,2500,5.4,0.1524,39.6,0.004850290,120.497
579,3150,5.4,0.1524,39.6,0.004850290,119.137
580,4000,5.4,0.1524,39.6,0.004850290,117.137
581,5000,5.4,0.1524,39.6,0.004850290,117.037
582,6300,5.4,0.1524,39.6,0.004850290,116.677
583,315,5.4,0.1524,31.7,0.005254740,125.741
584,400,5.4,0.1524,31.7,0.005254740,127.781
585,500,5.4,0.1524,31.7,0.005254740,129.681
586,630,5.4,0.1524,31.7,0.005254740,131.471
587,800,5.4,0.1524,31.7,0.005254740,131.491
588,1000,5.4,0.1524,31.7,0.005254740,128.241
589,1250,5.4,0.1524,31.7,0.005254740,123.991
590,1600,5.4,0.1524,31.7,0.005254740,123.761
591,2000,5.4,0.1524,31.7,0.005254740,122.771
592,2500,5.4,0.1524,31.7,0.005254740,119.151
593,3150,5.4,0.1524,31.7,0.005254740,118.291
594,4000,5.4,0.1524,31.7,0.005254740,116.181
595,5000,5.4,0.1524,31.7,0.005254740,115.691
596,6300,5.4,0.1524,31.7,0.005254740,115.591
597,315,7.2,0.1524,71.3,0.007520390,128.713
598,400,7.2,0.1524,71.3,0.007520390,130.123
599,500,7.2,0.1524,71.3,0.007520390,132.043
600,630,7.2,0.1524,71.3,0.007520390,134.853
601,800,7.2,0.1524,71.3,0.007520390,136.023
602,1000,7.2,0.1524,71.3,0.007520390,134.273
603,1250,7.2,0.1524,71.3,0.007520390,132.513
604,1600,7.2,0.1524,71.3,0.007520390,130.893
605,2000,7.2,0.1524,71.3,0.007520390,128.643
606,2500,7.2,0.1524,71.3,0.007520390,124.353
607,3150,7.2,0.1524,71.3,0.007520390,116.783
608,4000,7.2,0.1524,71.3,0.007520390,119.343
609,5000,7.2,0.1524,71.3,0.007520390,118.343
610,6300,7.2,0.1524,71.3,0.007520390,116.603
611,8000,7.2,0.1524,71.3,0.007520390,113.333
612,10000,7.2,0.1524,71.3,0.007520390,110.313
613,250,7.2,0.1524,39.6,0.009091750,127.488
614,315,7.2,0.1524,39.6,0.009091750,130.558
615,400,7.2,0.1524,39.6,0.009091750,132.118
616,500,7.2,0.1524,39.6,0.009091750,132.658
617,630,7.2,0.1524,39.6,0.009091750,133.198
618,800,7.2,0.1524,39.6,0.009091750,132.358
619,1000,7.2,0.1524,39.6,0.009091750,128.338
620,1250,7.2,0.1524,39.6,0.009091750,122.428
621,1600,7.2,0.1524,39.6,0.009091750,120.058
622,2000,7.2,0.1524,39.6,0.009091750,120.228
623,2500,7.2,0.1524,39.6,0.009091750,117.478
624,3150,7.2,0.1524,39.6,0.009091750,111.818
625,4000,7.2,0.1524,39.6,0.009091750,114.258
626,5000,7.2,0.1524,39.6,0.009091750,113.288
627,6300,7.2,0.1524,39.6,0.009091750,112.688
628,8000,7.2,0.1524,39.6,0.009091750,111.588
629,10000,7.2,0.1524,39.6,0.009091750,110.868
630,200,9.9,0.1524,71.3,0.019300100,134.319
631,250,9.9,0.1524,71.3,0.019300100,135.329
632,315,9.9,0.1524,71.3,0.019300100,135.459
633,400,9.9,0.1524,71.3,0.019300100,135.079
634,500,9.9,0.1524,71.3,0.019300100,131.279
635,630,9.9,0.1524,71.3,0.019300100,129.889
636,800,9.9,0.1524,71.3,0.019300100,128.879
637,1000,9.9,0.1524,71.3,0.019300100,126.349
638,1250,9.9,0.1524,71.3,0.019300100,122.679
639,1600,9.9,0.1524,71.3,0.019300100,121.789
640,2000,9.9,0.1524,71.3,0.019300100,120.779
641,2500,9.9,0.1524,71.3,0.019300100,119.639
642,3150,9.9,0.1524,71.3,0.019300100,116.849
643,4000,9.9,0.1524,71.3,0.019300100,115.079
644,5000,9.9,0.1524,71.3,0.019300100,114.569
645,6300,9.9,0.1524,71.3,0.019300100,112.039
646,200,9.9,0.1524,55.5,0.020843800,131.955
647,250,9.9,0.1524,55.5,0.020843800,133.235
648,315,9.9,0.1524,55.5,0.020843800,132.355
649,400,9.9,0.1524,55.5,0.020843800,131.605
650,500,9.9,0.1524,55.5,0.020843800,127.815
651,630,9.9,0.1524,55.5,0.020843800,127.315
652,800,9.9,0.1524,55.5,0.020843800,126.565
653,1000,9.9,0.1524,55.5,0.020843800,124.665
654,1250,9.9,0.1524,55.5,0.020843800,121.635
655,1600,9.9,0.1524,55.5,0.020843800,119.875
656,2000,9.9,0.1524,55.5,0.020843800,119.505
657,2500,9.9,0.1524,55.5,0.020843800,118.365
658,3150,9.9,0.1524,55.5,0.020843800,115.085
659,4000,9.9,0.1524,55.5,0.020843800,112.945
660,5000,9.9,0.1524,55.5,0.020843800,112.065
661,6300,9.9,0.1524,55.5,0.020843800,110.555
662,200,9.9,0.1524,39.6,0.023332800,127.315
663,250,9.9,0.1524,39.6,0.023332800,128.335
664,315,9.9,0.1524,39.6,0.023332800,128.595
665,400,9.9,0.1524,39.6,0.023332800,128.345
666,500,9.9,0.1524,39.6,0.023332800,126.835
667,630,9.9,0.1524,39.6,0.023332800,126.465
668,800,9.9,0.1524,39.6,0.023332800,126.345
669,1000,9.9,0.1524,39.6,0.023332800,123.835
670,1250,9.9,0.1524,39.6,0.023332800,120.555
671,1600,9.9,0.1524,39.6,0.023332800,118.545
672,2000,9.9,0.1524,39.6,0.023332800,117.925
673,2500,9.9,0.1524,39.6,0.023332800,116.295
674,3150,9.9,0.1524,39.6,0.023332800,113.525
675,4000,9.9,0.1524,39.6,0.023332800,112.265
676,5000,9.9,0.1524,39.6,0.023332800,111.135
677,6300,9.9,0.1524,39.6,0.023332800,109.885
678,200,9.9,0.1524,31.7,0.025278500,127.299
679,250,9.9,0.1524,31.7,0.025278500,128.559
680,315,9.9,0.1524,31.7,0.025278500,128.809
681,400,9.9,0.1524,31.7,0.025278500,128.939
682,500,9.9,0.1524,31.7,0.025278500,127.179
683,630,9.9,0.1524,31.7,0.025278500,126.049
684,800,9.9,0.1524,31.7,0.025278500,125.539
685,1000,9.9,0.1524,31.7,0.025278500,122.149
686,1250,9.9,0.1524,31.7,0.025278500,118.619
687,1600,9.9,0.1524,31.7,0.025278500,117.119
688,2000,9.9,0.1524,31.7,0.025278500,116.859
689,2500,9.9,0.1524,31.7,0.025278500,114.729
690,3150,9.9,0.1524,31.7,0.025278500,112.209
691,4000,9.9,0.1524,31.7,0.025278500,111.459
692,5000,9.9,0.1524,31.7,0.025278500,109.949
693,6300,9.9,0.1524,31.7,0.025278500,108.689
694,200,12.6,0.1524,71.3,0.048315900,128.354
695,250,12.6,0.1524,71.3,0.048315900,129.744
696,315,12.6,0.1524,71.3,0.048315900,128.484
697,400,12.6,0.1524,71.3,0.048315900,127.094
698,500,12.6,0.1524,71.3,0.048315900,121.664
699,630,12.6,0.1524,71.3,0.048315900,123.304
700,800,12.6,0.1524,71.3,0.048315900,123.054
701,1000,12.6,0.1524,71.3,0.048315900,122.044
702,1250,12.6,0.1524,71.3,0.048315900,120.154
703,1600,12.6,0.1524,71.3,0.048315900,120.534
704,2000,12.6,0.1524,71.3,0.048315900,117.504
705,2500,12.6,0.1524,71.3,0.048315900,115.234
706,3150,12.6,0.1524,71.3,0.048315900,113.334
707,4000,12.6,0.1524,71.3,0.048315900,108.034
708,5000,12.6,0.1524,71.3,0.048315900,108.034
709,6300,12.6,0.1524,71.3,0.048315900,107.284
710,200,12.6,0.1524,39.6,0.058411300,114.750
711,250,12.6,0.1524,39.6,0.058411300,115.890
712,315,12.6,0.1524,39.6,0.058411300,116.020
713,400,12.6,0.1524,39.6,0.058411300,115.910
714,500,12.6,0.1524,39.6,0.058411300,114.900
715,630,12.6,0.1524,39.6,0.058411300,116.550
716,800,12.6,0.1524,39.6,0.058411300,116.560
717,1000,12.6,0.1524,39.6,0.058411300,114.670
718,1250,12.6,0.1524,39.6,0.058411300,112.160
719,1600,12.6,0.1524,39.6,0.058411300,110.780
720,2000,12.6,0.1524,39.6,0.058411300,109.520
721,2500,12.6,0.1524,39.6,0.058411300,106.880
722,3150,12.6,0.1524,39.6,0.058411300,106.260
723,4000,12.6,0.1524,39.6,0.058411300,104.500
724,5000,12.6,0.1524,39.6,0.058411300,104.130
725,6300,12.6,0.1524,39.6,0.058411300,103.380
726,800,0.0,0.0508,71.3,0.000740478,130.960
727,1000,0.0,0.0508,71.3,0.000740478,129.450
728,1250,0.0,0.0508,71.3,0.000740478,128.560
729,1600,0.0,0.0508,71.3,0.000740478,129.680
730,2000,0.0,0.0508,71.3,0.000740478,131.060
731,2500,0.0,0.0508,71.3,0.000740478,131.310
732,3150,0.0,0.0508,71.3,0.000740478,135.070
733,4000,0.0,0.0508,71.3,0.000740478,134.430
734,5000,0.0,0.0508,71.3,0.000740478,134.430
735,6300,0.0,0.0508,71.3,0.000740478,133.040
736,8000,0.0,0.0508,71.3,0.000740478,130.890
737,10000,0.0,0.0508,71.3,0.000740478,128.740
738,12500,0.0,0.0508,71.3,0.000740478,125.220
739,800,0.0,0.0508,55.5,0.000761930,124.336
740,1000,0.0,0.0508,55.5,0.000761930,125.586
741,1250,0.0,0.0508,55.5,0.000761930,127.076
742,1600,0.0,0.0508,55.5,0.000761930,128.576
743,2000,0.0,0.0508,55.5,0.000761930,131.456
744,2500,0.0,0.0508,55.5,0.000761930,133.956
745,3150,0.0,0.0508,55.5,0.000761930,134.826
746,4000,0.0,0.0508,55.5,0.000761930,134.946
747,5000,0.0,0.0508,55.5,0.000761930,134.556
748,6300,0.0,0.0508,55.5,0.000761930,132.796
749,8000,0.0,0.0508,55.5,0.000761930,130.156
750,10000,0.0,0.0508,55.5,0.000761930,127.636
751,12500,0.0,0.0508,55.5,0.000761930,125.376
752,800,0.0,0.0508,39.6,0.000791822,126.508
753,1000,0.0,0.0508,39.6,0.000791822,127.638
754,1250,0.0,0.0508,39.6,0.000791822,129.148
755,1600,0.0,0.0508,39.6,0.000791822,130.908
756,2000,0.0,0.0508,39.6,0.000791822,132.918
757,2500,0.0,0.0508,39.6,0.000791822,134.938
758,3150,0.0,0.0508,39.6,0.000791822,135.938
759,4000,0.0,0.0508,39.6,0.000791822,135.308
760,5000,0.0,0.0508,39.6,0.000791822,134.308
761,6300,0.0,0.0508,39.6,0.000791822,131.918
762,8000,0.0,0.0508,39.6,0.000791822,128.518
763,10000,0.0,0.0508,39.6,0.000791822,125.998
764,12500,0.0,0.0508,39.6,0.000791822,123.988
765,800,0.0,0.0508,31.7,0.000812164,122.790
766,1000,0.0,0.0508,31.7,0.000812164,126.780
767,1250,0.0,0.0508,31.7,0.000812164,129.270
768,1600,0.0,0.0508,31.7,0.000812164,131.010
769,2000,0.0,0.0508,31.7,0.000812164,133.010
770,2500,0.0,0.0508,31.7,0.000812164,134.870
771,3150,0.0,0.0508,31.7,0.000812164,135.490
772,4000,0.0,0.0508,31.7,0.000812164,134.110
773,5000,0.0,0.0508,31.7,0.000812164,133.230
774,6300,0.0,0.0508,31.7,0.000812164,130.340
775,8000,0.0,0.0508,31.7,0.000812164,126.590
776,10000,0.0,0.0508,31.7,0.000812164,122.450
777,12500,0.0,0.0508,31.7,0.000812164,119.070
778,1600,4.2,0.0508,71.3,0.001427880,124.318
779,2000,4.2,0.0508,71.3,0.001427880,129.848
780,2500,4.2,0.0508,71.3,0.001427880,131.978
781,3150,4.2,0.0508,71.3,0.001427880,133.728
782,4000,4.2,0.0508,71.3,0.001427880,133.598
783,5000,4.2,0.0508,71.3,0.001427880,132.828
784,6300,4.2,0.0508,71.3,0.001427880,129.308
785,8000,4.2,0.0508,71.3,0.001427880,125.268
786,10000,4.2,0.0508,71.3,0.001427880,121.238
787,12500,4.2,0.0508,71.3,0.001427880,117.328
788,1000,4.2,0.0508,39.6,0.001526890,125.647
789,1250,4.2,0.0508,39.6,0.001526890,128.427
790,1600,4.2,0.0508,39.6,0.001526890,130.197
791,2000,4.2,0.0508,39.6,0.001526890,132.587
792,2500,4.2,0.0508,39.6,0.001526890,133.847
793,3150,4.2,0.0508,39.6,0.001526890,133.587
794,4000,4.2,0.0508,39.6,0.001526890,131.807
795,5000,4.2,0.0508,39.6,0.001526890,129.777
796,6300,4.2,0.0508,39.6,0.001526890,125.717
797,8000,4.2,0.0508,39.6,0.001526890,120.397
798,10000,4.2,0.0508,39.6,0.001526890,116.967
799,800,8.4,0.0508,71.3,0.005295140,127.556
800,1000,8.4,0.0508,71.3,0.005295140,129.946
801,1250,8.4,0.0508,71.3,0.005295140,132.086
802,1600,8.4,0.0508,71.3,0.005295140,133.846
803,2000,8.4,0.0508,71.3,0.005295140,134.476
804,2500,8.4,0.0508,71.3,0.005295140,134.226
805,3150,8.4,0.0508,71.3,0.005295140,131.966
806,4000,8.4,0.0508,71.3,0.005295140,126.926
807,5000,8.4,0.0508,71.3,0.005295140,121.146
808,400,8.4,0.0508,55.5,0.005448540,121.582
809,500,8.4,0.0508,55.5,0.005448540,123.742
810,630,8.4,0.0508,55.5,0.005448540,126.152
811,800,8.4,0.0508,55.5,0.005448540,128.562
812,1000,8.4,0.0508,55.5,0.005448540,130.722
813,1250,8.4,0.0508,55.5,0.005448540,132.252
814,1600,8.4,0.0508,55.5,0.005448540,133.032
815,2000,8.4,0.0508,55.5,0.005448540,133.042
816,2500,8.4,0.0508,55.5,0.005448540,131.542
817,3150,8.4,0.0508,55.5,0.005448540,128.402
818,4000,8.4,0.0508,55.5,0.005448540,122.612
819,5000,8.4,0.0508,55.5,0.005448540,115.812
820,400,8.4,0.0508,39.6,0.005662290,120.015
821,500,8.4,0.0508,39.6,0.005662290,122.905
822,630,8.4,0.0508,39.6,0.005662290,126.045
823,800,8.4,0.0508,39.6,0.005662290,128.435
824,1000,8.4,0.0508,39.6,0.005662290,130.195
825,1250,8.4,0.0508,39.6,0.005662290,131.205
826,1600,8.4,0.0508,39.6,0.005662290,130.965
827,2000,8.4,0.0508,39.6,0.005662290,129.965
828,2500,8.4,0.0508,39.6,0.005662290,127.465
829,3150,8.4,0.0508,39.6,0.005662290,123.965
830,4000,8.4,0.0508,39.6,0.005662290,118.955
831,400,8.4,0.0508,31.7,0.005807760,120.076
832,500,8.4,0.0508,31.7,0.005807760,122.966
833,630,8.4,0.0508,31.7,0.005807760,125.856
834,800,8.4,0.0508,31.7,0.005807760,128.246
835,1000,8.4,0.0508,31.7,0.005807760,129.516
836,1250,8.4,0.0508,31.7,0.005807760,130.156
837,1600,8.4,0.0508,31.7,0.005807760,129.296
838,2000,8.4,0.0508,31.7,0.005807760,127.686
839,2500,8.4,0.0508,31.7,0.005807760,125.576
840,3150,8.4,0.0508,31.7,0.005807760,122.086
841,4000,8.4,0.0508,31.7,0.005807760,118.106
842,200,11.2,0.0508,71.3,0.014072000,125.941
843,250,11.2,0.0508,71.3,0.014072000,127.101
844,315,11.2,0.0508,71.3,0.014072000,128.381
845,400,11.2,0.0508,71.3,0.014072000,129.281
846,500,11.2,0.0508,71.3,0.014072000,130.311
847,630,11.2,0.0508,71.3,0.014072000,133.611
848,800,11.2,0.0508,71.3,0.014072000,136.031
849,1000,11.2,0.0508,71.3,0.014072000,136.941
850,1250,11.2,0.0508,71.3,0.014072000,136.191
851,1600,11.2,0.0508,71.3,0.014072000,135.191
852,2000,11.2,0.0508,71.3,0.014072000,133.311
853,2500,11.2,0.0508,71.3,0.014072000,130.541
854,3150,11.2,0.0508,71.3,0.014072000,127.141
855,4000,11.2,0.0508,71.3,0.014072000,122.471
856,200,11.2,0.0508,39.6,0.015047800,125.010
857,250,11.2,0.0508,39.6,0.015047800,126.430
858,315,11.2,0.0508,39.6,0.015047800,128.990
859,400,11.2,0.0508,39.6,0.015047800,130.670
860,500,11.2,0.0508,39.6,0.015047800,131.960
861,630,11.2,0.0508,39.6,0.015047800,133.130
862,800,11.2,0.0508,39.6,0.015047800,133.790
863,1000,11.2,0.0508,39.6,0.015047800,132.430
864,1250,11.2,0.0508,39.6,0.015047800,130.050
865,1600,11.2,0.0508,39.6,0.015047800,126.540
866,2000,11.2,0.0508,39.6,0.015047800,124.420
867,2500,11.2,0.0508,39.6,0.015047800,122.170
868,3150,11.2,0.0508,39.6,0.015047800,119.670
869,4000,11.2,0.0508,39.6,0.015047800,115.520
870,200,15.4,0.0508,71.3,0.026426900,123.595
871,250,15.4,0.0508,71.3,0.026426900,124.835
872,315,15.4,0.0508,71.3,0.026426900,126.195
873,400,15.4,0.0508,71.3,0.026426900,126.805
874,500,15.4,0.0508,71.3,0.026426900,127.285
875,630,15.4,0.0508,71.3,0.026426900,129.645
876,800,15.4,0.0508,71.3,0.026426900,131.515
877,1000,15.4,0.0508,71.3,0.026426900,131.865
878,1250,15.4,0.0508,71.3,0.026426900,130.845
879,1600,15.4,0.0508,71.3,0.026426900,130.065
880,2000,15.4,0.0508,71.3,0.026426900,129.285
881,2500,15.4,0.0508,71.3,0.026426900,127.625
882,3150,15.4,0.0508,71.3,0.026426900,125.715
883,4000,15.4,0.0508,71.3,0.026426900,122.675
884,5000,15.4,0.0508,71.3,0.026426900,119.135
885,6300,15.4,0.0508,71.3,0.026426900,115.215
886,8000,15.4,0.0508,71.3,0.026426900,112.675
887,200,15.4,0.0508,55.5,0.027192500,122.940
888,250,15.4,0.0508,55.5,0.027192500,124.170
889,315,15.4,0.0508,55.5,0.027192500,125.390
890,400,15.4,0.0508,55.5,0.027192500,126.500
891,500,15.4,0.0508,55.5,0.027192500,127.220
892,630,15.4,0.0508,55.5,0.027192500,129.330
893,800,15.4,0.0508,55.5,0.027192500,130.430
894,1000,15.4,0.0508,55.5,0.027192500,130.400
895,1250,15.4,0.0508,55.5,0.027192500,130.000
896,1600,15.4,0.0508,55.5,0.027192500,128.200
897,2000,15.4,0.0508,55.5,0.027192500,127.040
898,2500,15.4,0.0508,55.5,0.027192500,125.630
899,3150,15.4,0.0508,55.5,0.027192500,123.460
900,4000,15.4,0.0508,55.5,0.027192500,120.920
901,5000,15.4,0.0508,55.5,0.027192500,117.110
902,6300,15.4,0.0508,55.5,0.027192500,112.930
903,200,15.4,0.0508,39.6,0.028259300,121.783
904,250,15.4,0.0508,39.6,0.028259300,122.893
905,315,15.4,0.0508,39.6,0.028259300,124.493
906,400,15.4,0.0508,39.6,0.028259300,125.353
907,500,15.4,0.0508,39.6,0.028259300,125.963
908,630,15.4,0.0508,39.6,0.028259300,127.443
909,800,15.4,0.0508,39.6,0.028259300,128.423
910,1000,15.4,0.0508,39.6,0.028259300,127.893
911,1250,15.4,0.0508,39.6,0.028259300,126.743
912,1600,15.4,0.0508,39.6,0.028259300,124.843
913,2000,15.4,0.0508,39.6,0.028259300,123.443
914,2500,15.4,0.0508,39.6,0.028259300,122.413
915,3150,15.4,0.0508,39.6,0.028259300,120.513
916,4000,15.4,0.0508,39.6,0.028259300,118.113
917,5000,15.4,0.0508,39.6,0.028259300,114.453
918,6300,15.4,0.0508,39.6,0.028259300,109.663
919,200,15.4,0.0508,31.7,0.028985300,119.975
920,250,15.4,0.0508,31.7,0.028985300,121.225
921,315,15.4,0.0508,31.7,0.028985300,122.845
922,400,15.4,0.0508,31.7,0.028985300,123.705
923,500,15.4,0.0508,31.7,0.028985300,123.695
924,630,15.4,0.0508,31.7,0.028985300,124.685
925,800,15.4,0.0508,31.7,0.028985300,125.555
926,1000,15.4,0.0508,31.7,0.028985300,124.525
927,1250,15.4,0.0508,31.7,0.028985300,123.255
928,1600,15.4,0.0508,31.7,0.028985300,121.485
929,2000,15.4,0.0508,31.7,0.028985300,120.835
930,2500,15.4,0.0508,31.7,0.028985300,119.945
931,3150,15.4,0.0508,31.7,0.028985300,118.045
932,4000,15.4,0.0508,31.7,0.028985300,115.635
933,5000,15.4,0.0508,31.7,0.028985300,112.355
934,6300,15.4,0.0508,31.7,0.028985300,108.185
935,200,19.7,0.0508,71.3,0.034118300,118.005
936,250,19.7,0.0508,71.3,0.034118300,119.115
937,315,19.7,0.0508,71.3,0.034118300,121.235
938,400,19.7,0.0508,71.3,0.034118300,123.865
939,500,19.7,0.0508,71.3,0.034118300,126.995
940,630,19.7,0.0508,71.3,0.034118300,128.365
941,800,19.7,0.0508,71.3,0.034118300,124.555
942,1000,19.7,0.0508,71.3,0.034118300,121.885
943,1250,19.7,0.0508,71.3,0.034118300,121.485
944,1600,19.7,0.0508,71.3,0.034118300,120.575
945,2000,19.7,0.0508,71.3,0.034118300,120.055
946,2500,19.7,0.0508,71.3,0.034118300,118.385
947,3150,19.7,0.0508,71.3,0.034118300,116.225
948,4000,19.7,0.0508,71.3,0.034118300,113.045
949,200,19.7,0.0508,39.6,0.036484000,125.974
950,250,19.7,0.0508,39.6,0.036484000,127.224
951,315,19.7,0.0508,39.6,0.036484000,129.864
952,400,19.7,0.0508,39.6,0.036484000,130.614
953,500,19.7,0.0508,39.6,0.036484000,128.444
954,630,19.7,0.0508,39.6,0.036484000,120.324
955,800,19.7,0.0508,39.6,0.036484000,119.174
956,1000,19.7,0.0508,39.6,0.036484000,118.904
957,1250,19.7,0.0508,39.6,0.036484000,118.634
958,1600,19.7,0.0508,39.6,0.036484000,117.604
959,2000,19.7,0.0508,39.6,0.036484000,117.724
960,2500,19.7,0.0508,39.6,0.036484000,116.184
961,3150,19.7,0.0508,39.6,0.036484000,113.004
962,4000,19.7,0.0508,39.6,0.036484000,108.684
963,2500,0.0,0.0254,71.3,0.000400682,133.707
964,3150,0.0,0.0254,71.3,0.000400682,137.007
965,4000,0.0,0.0254,71.3,0.000400682,138.557
966,5000,0.0,0.0254,71.3,0.000400682,136.837
967,6300,0.0,0.0254,71.3,0.000400682,134.987
968,8000,0.0,0.0254,71.3,0.000400682,129.867
969,10000,0.0,0.0254,71.3,0.000400682,130.787
970,12500,0.0,0.0254,71.3,0.000400682,133.207
971,16000,0.0,0.0254,71.3,0.000400682,130.477
972,20000,0.0,0.0254,71.3,0.000400682,123.217
973,2000,0.0,0.0254,55.5,0.000412290,127.623
974,2500,0.0,0.0254,55.5,0.000412290,130.073
975,3150,0.0,0.0254,55.5,0.000412290,130.503
976,4000,0.0,0.0254,55.5,0.000412290,133.223
977,5000,0.0,0.0254,55.5,0.000412290,135.803
978,6300,0.0,0.0254,55.5,0.000412290,136.103
979,8000,0.0,0.0254,55.5,0.000412290,136.163
980,10000,0.0,0.0254,55.5,0.000412290,134.563
981,12500,0.0,0.0254,55.5,0.000412290,131.453
982,16000,0.0,0.0254,55.5,0.000412290,125.683
983,20000,0.0,0.0254,55.5,0.000412290,121.933
984,1600,0.0,0.0254,39.6,0.000428464,124.156
985,2000,0.0,0.0254,39.6,0.000428464,130.026
986,2500,0.0,0.0254,39.6,0.000428464,131.836
987,3150,0.0,0.0254,39.6,0.000428464,133.276
988,4000,0.0,0.0254,39.6,0.000428464,135.346
989,5000,0.0,0.0254,39.6,0.000428464,136.536
990,6300,0.0,0.0254,39.6,0.000428464,136.826
991,8000,0.0,0.0254,39.6,0.000428464,135.866
992,10000,0.0,0.0254,39.6,0.000428464,133.376
993,12500,0.0,0.0254,39.6,0.000428464,129.116
994,16000,0.0,0.0254,39.6,0.000428464,124.986
995,1000,0.0,0.0254,31.7,0.000439472,125.127
996,1250,0.0,0.0254,31.7,0.000439472,127.947
997,1600,0.0,0.0254,31.7,0.000439472,129.267
998,2000,0.0,0.0254,31.7,0.000439472,130.697
999,2500,0.0,0.0254,31.7,0.000439472,132.897
1000,3150,0.0,0.0254,31.7,0.000439472,135.227
1001,4000,0.0,0.0254,31.7,0.000439472,137.047
1002,5000,0.0,0.0254,31.7,0.000439472,138.607
1003,6300,0.0,0.0254,31.7,0.000439472,138.537
1004,8000,0.0,0.0254,31.7,0.000439472,137.207
1005,10000,0.0,0.0254,31.7,0.000439472,134.227
1006,12500,0.0,0.0254,31.7,0.000439472,128.977
1007,16000,0.0,0.0254,31.7,0.000439472,125.627
1008,2000,4.8,0.0254,71.3,0.000848633,128.398
1009,2500,4.8,0.0254,71.3,0.000848633,130.828
1010,3150,4.8,0.0254,71.3,0.000848633,133.378
1011,4000,4.8,0.0254,71.3,0.000848633,134.928
1012,5000,4.8,0.0254,71.3,0.000848633,135.468
1013,6300,4.8,0.0254,71.3,0.000848633,134.498
1014,8000,4.8,0.0254,71.3,0.000848633,131.518
1015,10000,4.8,0.0254,71.3,0.000848633,127.398
1016,12500,4.8,0.0254,71.3,0.000848633,127.688
1017,16000,4.8,0.0254,71.3,0.000848633,124.208
1018,20000,4.8,0.0254,71.3,0.000848633,119.708
1019,1600,4.8,0.0254,55.5,0.000873218,121.474
1020,2000,4.8,0.0254,55.5,0.000873218,125.054
1021,2500,4.8,0.0254,55.5,0.000873218,129.144
1022,3150,4.8,0.0254,55.5,0.000873218,132.354
1023,4000,4.8,0.0254,55.5,0.000873218,133.924
1024,5000,4.8,0.0254,55.5,0.000873218,135.484
1025,6300,4.8,0.0254,55.5,0.000873218,135.164
1026,8000,4.8,0.0254,55.5,0.000873218,132.184
1027,10000,4.8,0.0254,55.5,0.000873218,126.944
1028,12500,4.8,0.0254,55.5,0.000873218,125.094
1029,16000,4.8,0.0254,55.5,0.000873218,124.394
1030,20000,4.8,0.0254,55.5,0.000873218,121.284
1031,500,4.8,0.0254,39.6,0.000907475,116.366
1032,630,4.8,0.0254,39.6,0.000907475,118.696
1033,800,4.8,0.0254,39.6,0.000907475,120.766
1034,1000,4.8,0.0254,39.6,0.000907475,122.956
1035,1250,4.8,0.0254,39.6,0.000907475,125.026
1036,1600,4.8,0.0254,39.6,0.000907475,125.966
1037,2000,4.8,0.0254,39.6,0.000907475,128.916
1038,2500,4.8,0.0254,39.6,0.000907475,131.236
1039,3150,4.8,0.0254,39.6,0.000907475,133.436
1040,4000,4.8,0.0254,39.6,0.000907475,134.996
1041,5000,4.8,0.0254,39.6,0.000907475,135.426
1042,6300,4.8,0.0254,39.6,0.000907475,134.336
1043,8000,4.8,0.0254,39.6,0.000907475,131.346
1044,10000,4.8,0.0254,39.6,0.000907475,126.066
1045,500,4.8,0.0254,31.7,0.000930789,116.128
1046,630,4.8,0.0254,31.7,0.000930789,120.078
1047,800,4.8,0.0254,31.7,0.000930789,122.648
1048,1000,4.8,0.0254,31.7,0.000930789,125.348
1049,1250,4.8,0.0254,31.7,0.000930789,127.408
1050,1600,4.8,0.0254,31.7,0.000930789,128.718
1051,2000,4.8,0.0254,31.7,0.000930789,130.148
1052,2500,4.8,0.0254,31.7,0.000930789,132.588
1053,3150,4.8,0.0254,31.7,0.000930789,134.268
1054,4000,4.8,0.0254,31.7,0.000930789,135.328
1055,5000,4.8,0.0254,31.7,0.000930789,135.248
1056,6300,4.8,0.0254,31.7,0.000930789,132.898
1057,8000,4.8,0.0254,31.7,0.000930789,127.008
1058,630,9.5,0.0254,71.3,0.004206540,125.726
1059,800,9.5,0.0254,71.3,0.004206540,127.206
1060,1000,9.5,0.0254,71.3,0.004206540,129.556
1061,1250,9.5,0.0254,71.3,0.004206540,131.656
1062,1600,9.5,0.0254,71.3,0.004206540,133.756
1063,2000,9.5,0.0254,71.3,0.004206540,134.976
1064,2500,9.5,0.0254,71.3,0.004206540,135.956
1065,3150,9.5,0.0254,71.3,0.004206540,136.166
1066,4000,9.5,0.0254,71.3,0.004206540,134.236
1067,5000,9.5,0.0254,71.3,0.004206540,131.186
1068,6300,9.5,0.0254,71.3,0.004206540,127.246
1069,400,9.5,0.0254,55.5,0.004328400,120.952
1070,500,9.5,0.0254,55.5,0.004328400,123.082
1071,630,9.5,0.0254,55.5,0.004328400,125.452
1072,800,9.5,0.0254,55.5,0.004328400,128.082
1073,1000,9.5,0.0254,55.5,0.004328400,130.332
1074,1250,9.5,0.0254,55.5,0.004328400,132.202
1075,1600,9.5,0.0254,55.5,0.004328400,133.062
1076,2000,9.5,0.0254,55.5,0.004328400,134.052
1077,2500,9.5,0.0254,55.5,0.004328400,134.152
1078,3150,9.5,0.0254,55.5,0.004328400,133.252
1079,4000,9.5,0.0254,55.5,0.004328400,131.582
1080,5000,9.5,0.0254,55.5,0.004328400,128.412
1081,6300,9.5,0.0254,55.5,0.004328400,124.222
1082,200,9.5,0.0254,39.6,0.004498210,116.074
1083,250,9.5,0.0254,39.6,0.004498210,116.924
1084,315,9.5,0.0254,39.6,0.004498210,119.294
1085,400,9.5,0.0254,39.6,0.004498210,121.154
1086,500,9.5,0.0254,39.6,0.004498210,123.894
1087,630,9.5,0.0254,39.6,0.004498210,126.514
1088,800,9.5,0.0254,39.6,0.004498210,129.014
1089,1000,9.5,0.0254,39.6,0.004498210,130.374
1090,1250,9.5,0.0254,39.6,0.004498210,130.964
1091,1600,9.5,0.0254,39.6,0.004498210,131.184
1092,2000,9.5,0.0254,39.6,0.004498210,131.274
1093,2500,9.5,0.0254,39.6,0.004498210,131.234
1094,3150,9.5,0.0254,39.6,0.004498210,129.934
1095,4000,9.5,0.0254,39.6,0.004498210,127.864
1096,5000,9.5,0.0254,39.6,0.004498210,125.044
1097,6300,9.5,0.0254,39.6,0.004498210,120.324
1098,200,9.5,0.0254,31.7,0.004613770,119.146
1099,250,9.5,0.0254,31.7,0.004613770,120.136
1100,315,9.5,0.0254,31.7,0.004613770,122.766
1101,400,9.5,0.0254,31.7,0.004613770,124.756
1102,500,9.5,0.0254,31.7,0.004613770,126.886
1103,630,9.5,0.0254,31.7,0.004613770,129.006
1104,800,9.5,0.0254,31.7,0.004613770,130.746
1105,1000,9.5,0.0254,31.7,0.004613770,131.346
1106,1250,9.5,0.0254,31.7,0.004613770,131.446
1107,1600,9.5,0.0254,31.7,0.004613770,131.036
1108,2000,9.5,0.0254,31.7,0.004613770,130.496
1109,2500,9.5,0.0254,31.7,0.004613770,130.086
1110,3150,9.5,0.0254,31.7,0.004613770,128.536
1111,4000,9.5,0.0254,31.7,0.004613770,126.736
1112,5000,9.5,0.0254,31.7,0.004613770,124.426
1113,6300,9.5,0.0254,31.7,0.004613770,120.726
1114,250,12.7,0.0254,71.3,0.012180800,119.698
1115,315,12.7,0.0254,71.3,0.012180800,122.938
1116,400,12.7,0.0254,71.3,0.012180800,125.048
1117,500,12.7,0.0254,71.3,0.012180800,126.898
1118,630,12.7,0.0254,71.3,0.012180800,128.878
1119,800,12.7,0.0254,71.3,0.012180800,130.348
1120,1000,12.7,0.0254,71.3,0.012180800,131.698
1121,1250,12.7,0.0254,71.3,0.012180800,133.048
1122,1600,12.7,0.0254,71.3,0.012180800,134.528
1123,2000,12.7,0.0254,71.3,0.012180800,134.228
1124,2500,12.7,0.0254,71.3,0.012180800,134.058
1125,3150,12.7,0.0254,71.3,0.012180800,133.758
1126,4000,12.7,0.0254,71.3,0.012180800,131.808
1127,5000,12.7,0.0254,71.3,0.012180800,128.978
1128,6300,12.7,0.0254,71.3,0.012180800,125.398
1129,8000,12.7,0.0254,71.3,0.012180800,120.538
1130,10000,12.7,0.0254,71.3,0.012180800,114.418
1131,250,12.7,0.0254,39.6,0.013025300,121.547
1132,315,12.7,0.0254,39.6,0.013025300,123.537
1133,400,12.7,0.0254,39.6,0.013025300,125.527
1134,500,12.7,0.0254,39.6,0.013025300,127.127
1135,630,12.7,0.0254,39.6,0.013025300,128.867
1136,800,12.7,0.0254,39.6,0.013025300,130.217
1137,1000,12.7,0.0254,39.6,0.013025300,130.947
1138,1250,12.7,0.0254,39.6,0.013025300,130.777
1139,1600,12.7,0.0254,39.6,0.013025300,129.977
1140,2000,12.7,0.0254,39.6,0.013025300,129.567
1141,2500,12.7,0.0254,39.6,0.013025300,129.027
1142,3150,12.7,0.0254,39.6,0.013025300,127.847
1143,4000,12.7,0.0254,39.6,0.013025300,126.537
1144,5000,12.7,0.0254,39.6,0.013025300,125.107
1145,6300,12.7,0.0254,39.6,0.013025300,123.177
1146,8000,12.7,0.0254,39.6,0.013025300,120.607
1147,10000,12.7,0.0254,39.6,0.013025300,116.017
1148,200,17.4,0.0254,71.3,0.016104000,112.506
1149,250,17.4,0.0254,71.3,0.016104000,113.796
1150,315,17.4,0.0254,71.3,0.016104000,115.846
1151,400,17.4,0.0254,71.3,0.016104000,117.396
1152,500,17.4,0.0254,71.3,0.016104000,119.806
1153,630,17.4,0.0254,71.3,0.016104000,122.606
1154,800,17.4,0.0254,71.3,0.016104000,124.276
1155,1000,17.4,0.0254,71.3,0.016104000,125.816
1156,1250,17.4,0.0254,71.3,0.016104000,126.356
1157,1600,17.4,0.0254,71.3,0.016104000,126.406
1158,2000,17.4,0.0254,71.3,0.016104000,126.826
1159,2500,17.4,0.0254,71.3,0.016104000,126.746
1160,3150,17.4,0.0254,71.3,0.016104000,126.536
1161,4000,17.4,0.0254,71.3,0.016104000,125.586
1162,5000,17.4,0.0254,71.3,0.016104000,123.126
1163,6300,17.4,0.0254,71.3,0.016104000,119.916
1164,8000,17.4,0.0254,71.3,0.016104000,115.466
1165,200,17.4,0.0254,55.5,0.016570600,109.951
1166,250,17.4,0.0254,55.5,0.016570600,110.491
1167,315,17.4,0.0254,55.5,0.016570600,111.911
1168,400,17.4,0.0254,55.5,0.016570600,115.461
1169,500,17.4,0.0254,55.5,0.016570600,119.621
1170,630,17.4,0.0254,55.5,0.016570600,122.411
1171,800,17.4,0.0254,55.5,0.016570600,123.091
1172,1000,17.4,0.0254,55.5,0.016570600,126.001
1173,1250,17.4,0.0254,55.5,0.016570600,129.301
1174,1600,17.4,0.0254,55.5,0.016570600,126.471
1175,2000,17.4,0.0254,55.5,0.016570600,125.261
1176,2500,17.4,0.0254,55.5,0.016570600,124.931
1177,3150,17.4,0.0254,55.5,0.016570600,124.101
1178,4000,17.4,0.0254,55.5,0.016570600,121.771
1179,5000,17.4,0.0254,55.5,0.016570600,118.941
1180,6300,17.4,0.0254,55.5,0.016570600,114.861
1181,200,17.4,0.0254,39.6,0.017220600,114.044
1182,250,17.4,0.0254,39.6,0.017220600,114.714
1183,315,17.4,0.0254,39.6,0.017220600,115.144
1184,400,17.4,0.0254,39.6,0.017220600,115.444
1185,500,17.4,0.0254,39.6,0.017220600,117.514
1186,630,17.4,0.0254,39.6,0.017220600,124.514
1187,800,17.4,0.0254,39.6,0.017220600,135.324
1188,1000,17.4,0.0254,39.6,0.017220600,138.274
1189,1250,17.4,0.0254,39.6,0.017220600,131.364
1190,1600,17.4,0.0254,39.6,0.017220600,127.614
1191,2000,17.4,0.0254,39.6,0.017220600,126.644
1192,2500,17.4,0.0254,39.6,0.017220600,124.154
1193,3150,17.4,0.0254,39.6,0.017220600,123.564
1194,4000,17.4,0.0254,39.6,0.017220600,122.724
1195,5000,17.4,0.0254,39.6,0.017220600,119.854
1196,200,17.4,0.0254,31.7,0.017663100,116.146
1197,250,17.4,0.0254,31.7,0.017663100,116.956
1198,315,17.4,0.0254,31.7,0.017663100,118.416
1199,400,17.4,0.0254,31.7,0.017663100,120.766
1200,500,17.4,0.0254,31.7,0.017663100,127.676
1201,630,17.4,0.0254,31.7,0.017663100,136.886
1202,800,17.4,0.0254,31.7,0.017663100,139.226
1203,1000,17.4,0.0254,31.7,0.017663100,131.796
1204,1250,17.4,0.0254,31.7,0.017663100,128.306
1205,1600,17.4,0.0254,31.7,0.017663100,126.846
1206,2000,17.4,0.0254,31.7,0.017663100,124.356
1207,2500,17.4,0.0254,31.7,0.017663100,124.166
1208,3150,17.4,0.0254,31.7,0.017663100,123.466
1209,4000,17.4,0.0254,31.7,0.017663100,121.996
1210,5000,17.4,0.0254,31.7,0.017663100,117.996
1211,315,22.2,0.0254,71.3,0.021417800,115.857
1212,400,22.2,0.0254,71.3,0.021417800,117.927
1213,500,22.2,0.0254,71.3,0.021417800,117.967
1214,630,22.2,0.0254,71.3,0.021417800,120.657
1215,800,22.2,0.0254,71.3,0.021417800,123.227
1216,1000,22.2,0.0254,71.3,0.021417800,134.247
1217,1250,22.2,0.0254,71.3,0.021417800,140.987
1218,1600,22.2,0.0254,71.3,0.021417800,131.817
1219,2000,22.2,0.0254,71.3,0.021417800,127.197
1220,2500,22.2,0.0254,71.3,0.021417800,126.097
1221,3150,22.2,0.0254,71.3,0.021417800,124.127
1222,4000,22.2,0.0254,71.3,0.021417800,123.917
1223,5000,22.2,0.0254,71.3,0.021417800,125.727
1224,6300,22.2,0.0254,71.3,0.021417800,123.127
1225,8000,22.2,0.0254,71.3,0.021417800,121.657
1226,200,22.2,0.0254,39.6,0.022902800,116.066
1227,250,22.2,0.0254,39.6,0.022902800,117.386
1228,315,22.2,0.0254,39.6,0.022902800,120.716
1229,400,22.2,0.0254,39.6,0.022902800,123.416
1230,500,22.2,0.0254,39.6,0.022902800,129.776
1231,630,22.2,0.0254,39.6,0.022902800,137.026
1232,800,22.2,0.0254,39.6,0.022902800,137.076
1233,1000,22.2,0.0254,39.6,0.022902800,128.416
1234,1250,22.2,0.0254,39.6,0.022902800,126.446
1235,1600,22.2,0.0254,39.6,0.022902800,122.216
1236,2000,22.2,0.0254,39.6,0.022902800,121.256
1237,2500,22.2,0.0254,39.6,0.022902800,121.306
1238,3150,22.2,0.0254,39.6,0.022902800,120.856
1239,4000,22.2,0.0254,39.6,0.022902800,119.646
1240,5000,22.2,0.0254,39.6,0.022902800,118.816
1241,630,0.0,0.1016,71.3,0.001210720,124.155
1242,800,0.0,0.1016,71.3,0.001210720,126.805
1243,1000,0.0,0.1016,71.3,0.001210720,128.825
1244,1250,0.0,0.1016,71.3,0.001210720,130.335
1245,1600,0.0,0.1016,71.3,0.001210720,131.725
1246,2000,0.0,0.1016,71.3,0.001210720,132.095
1247,2500,0.0,0.1016,71.3,0.001210720,132.595
1248,3150,0.0,0.1016,71.3,0.001210720,131.955
1249,4000,0.0,0.1016,71.3,0.001210720,130.935
1250,5000,0.0,0.1016,71.3,0.001210720,130.795
1251,6300,0.0,0.1016,71.3,0.001210720,129.395
1252,8000,0.0,0.1016,71.3,0.001210720,125.465
1253,10000,0.0,0.1016,71.3,0.001210720,123.305
1254,12500,0.0,0.1016,71.3,0.001210720,119.375
1255,630,0.0,0.1016,55.5,0.001319830,126.170
1256,800,0.0,0.1016,55.5,0.001319830,127.920
1257,1000,0.0,0.1016,55.5,0.001319830,129.800
1258,1250,0.0,0.1016,55.5,0.001319830,131.430
1259,1600,0.0,0.1016,55.5,0.001319830,132.050
1260,2000,0.0,0.1016,55.5,0.001319830,132.540
1261,2500,0.0,0.1016,55.5,0.001319830,133.040
1262,3150,0.0,0.1016,55.5,0.001319830,131.780
1263,4000,0.0,0.1016,55.5,0.001319830,129.500
1264,5000,0.0,0.1016,55.5,0.001319830,128.360
1265,6300,0.0,0.1016,55.5,0.001319830,127.730
1266,8000,0.0,0.1016,55.5,0.001319830,124.450
1267,10000,0.0,0.1016,55.5,0.001319830,121.930
1268,12500,0.0,0.1016,55.5,0.001319830,119.910
1269,630,0.0,0.1016,39.6,0.001463320,125.401
1270,800,0.0,0.1016,39.6,0.001463320,128.401
1271,1000,0.0,0.1016,39.6,0.001463320,130.781
1272,1250,0.0,0.1016,39.6,0.001463320,132.271
1273,1600,0.0,0.1016,39.6,0.001463320,133.261
1274,2000,0.0,0.1016,39.6,0.001463320,133.251
1275,2500,0.0,0.1016,39.6,0.001463320,132.611
1276,3150,0.0,0.1016,39.6,0.001463320,130.961
1277,4000,0.0,0.1016,39.6,0.001463320,127.801
1278,5000,0.0,0.1016,39.6,0.001463320,126.021
1279,6300,0.0,0.1016,39.6,0.001463320,125.631
1280,8000,0.0,0.1016,39.6,0.001463320,122.341
1281,10000,0.0,0.1016,39.6,0.001463320,119.561
1282,630,0.0,0.1016,31.7,0.001500920,126.413
1283,800,0.0,0.1016,31.7,0.001500920,129.053
1284,1000,0.0,0.1016,31.7,0.001500920,131.313
1285,1250,0.0,0.1016,31.7,0.001500920,133.063
1286,1600,0.0,0.1016,31.7,0.001500920,133.553
1287,2000,0.0,0.1016,31.7,0.001500920,133.153
1288,2500,0.0,0.1016,31.7,0.001500920,132.003
1289,3150,0.0,0.1016,31.7,0.001500920,129.973
1290,4000,0.0,0.1016,31.7,0.001500920,126.933
1291,5000,0.0,0.1016,31.7,0.001500920,124.393
1292,6300,0.0,0.1016,31.7,0.001500920,124.253
1293,8000,0.0,0.1016,31.7,0.001500920,120.193
1294,10000,0.0,0.1016,31.7,0.001500920,115.893
1295,800,3.3,0.1016,71.3,0.002028220,131.074
1296,1000,3.3,0.1016,71.3,0.002028220,131.434
1297,1250,3.3,0.1016,71.3,0.002028220,132.304
1298,1600,3.3,0.1016,71.3,0.002028220,133.664
1299,2000,3.3,0.1016,71.3,0.002028220,134.034
1300,2500,3.3,0.1016,71.3,0.002028220,133.894
1301,3150,3.3,0.1016,71.3,0.002028220,132.114
1302,4000,3.3,0.1016,71.3,0.002028220,128.704
1303,5000,3.3,0.1016,71.3,0.002028220,127.054
1304,6300,3.3,0.1016,71.3,0.002028220,124.904
1305,8000,3.3,0.1016,71.3,0.002028220,121.234
1306,10000,3.3,0.1016,71.3,0.002028220,116.694
1307,630,3.3,0.1016,55.5,0.002211000,126.599
1308,800,3.3,0.1016,55.5,0.002211000,129.119
1309,1000,3.3,0.1016,55.5,0.002211000,131.129
1310,1250,3.3,0.1016,55.5,0.002211000,132.769
1311,1600,3.3,0.1016,55.5,0.002211000,133.649
1312,2000,3.3,0.1016,55.5,0.002211000,133.649
1313,2500,3.3,0.1016,55.5,0.002211000,132.889
1314,3150,3.3,0.1016,55.5,0.002211000,130.629
1315,4000,3.3,0.1016,55.5,0.002211000,127.229
1316,5000,3.3,0.1016,55.5,0.002211000,124.839
1317,6300,3.3,0.1016,55.5,0.002211000,123.839
1318,8000,3.3,0.1016,55.5,0.002211000,120.569
1319,10000,3.3,0.1016,55.5,0.002211000,115.659
1320,630,3.3,0.1016,39.6,0.002451380,127.251
1321,800,3.3,0.1016,39.6,0.002451380,129.991
1322,1000,3.3,0.1016,39.6,0.002451380,131.971
1323,1250,3.3,0.1016,39.6,0.002451380,133.211
1324,1600,3.3,0.1016,39.6,0.002451380,133.071
1325,2000,3.3,0.1016,39.6,0.002451380,132.301
1326,2500,3.3,0.1016,39.6,0.002451380,130.791
1327,3150,3.3,0.1016,39.6,0.002451380,128.401
1328,4000,3.3,0.1016,39.6,0.002451380,124.881
1329,5000,3.3,0.1016,39.6,0.002451380,122.371
1330,6300,3.3,0.1016,39.6,0.002451380,120.851
1331,8000,3.3,0.1016,39.6,0.002451380,118.091
1332,10000,3.3,0.1016,39.6,0.002451380,115.321
1333,630,3.3,0.1016,31.7,0.002514350,128.952
1334,800,3.3,0.1016,31.7,0.002514350,131.362
1335,1000,3.3,0.1016,31.7,0.002514350,133.012
1336,1250,3.3,0.1016,31.7,0.002514350,134.022
1337,1600,3.3,0.1016,31.7,0.002514350,133.402
1338,2000,3.3,0.1016,31.7,0.002514350,131.642
1339,2500,3.3,0.1016,31.7,0.002514350,130.392
1340,3150,3.3,0.1016,31.7,0.002514350,128.252
1341,4000,3.3,0.1016,31.7,0.002514350,124.852
1342,5000,3.3,0.1016,31.7,0.002514350,122.082
1343,6300,3.3,0.1016,31.7,0.002514350,120.702
1344,8000,3.3,0.1016,31.7,0.002514350,117.432
1345,630,6.7,0.1016,71.3,0.004782880,131.448
1346,800,6.7,0.1016,71.3,0.004782880,134.478
1347,1000,6.7,0.1016,71.3,0.004782880,136.758
1348,1250,6.7,0.1016,71.3,0.004782880,137.658
1349,1600,6.7,0.1016,71.3,0.004782880,136.678
1350,2000,6.7,0.1016,71.3,0.004782880,134.568
1351,2500,6.7,0.1016,71.3,0.004782880,131.458
1352,3150,6.7,0.1016,71.3,0.004782880,124.458
1353,500,6.7,0.1016,55.5,0.005213900,129.343
1354,630,6.7,0.1016,55.5,0.005213900,133.023
1355,800,6.7,0.1016,55.5,0.005213900,135.953
1356,1000,6.7,0.1016,55.5,0.005213900,137.233
1357,1250,6.7,0.1016,55.5,0.005213900,136.883
1358,1600,6.7,0.1016,55.5,0.005213900,133.653
1359,2000,6.7,0.1016,55.5,0.005213900,129.653
1360,2500,6.7,0.1016,55.5,0.005213900,124.273
1361,400,6.7,0.1016,39.6,0.005780760,128.295
1362,500,6.7,0.1016,39.6,0.005780760,130.955
1363,630,6.7,0.1016,39.6,0.005780760,133.355
1364,800,6.7,0.1016,39.6,0.005780760,134.625
1365,1000,6.7,0.1016,39.6,0.005780760,134.515
1366,1250,6.7,0.1016,39.6,0.005780760,132.395
1367,1600,6.7,0.1016,39.6,0.005780760,127.375
1368,2000,6.7,0.1016,39.6,0.005780760,122.235
1369,315,6.7,0.1016,31.7,0.005929270,126.266
1370,400,6.7,0.1016,31.7,0.005929270,128.296
1371,500,6.7,0.1016,31.7,0.005929270,130.206
1372,630,6.7,0.1016,31.7,0.005929270,132.116
1373,800,6.7,0.1016,31.7,0.005929270,132.886
1374,1000,6.7,0.1016,31.7,0.005929270,131.636
1375,1250,6.7,0.1016,31.7,0.005929270,129.256
1376,1600,6.7,0.1016,31.7,0.005929270,124.346
1377,2000,6.7,0.1016,31.7,0.005929270,120.446
1378,200,8.9,0.1016,71.3,0.010308800,133.503
1379,250,8.9,0.1016,71.3,0.010308800,134.533
1380,315,8.9,0.1016,71.3,0.010308800,136.583
1381,400,8.9,0.1016,71.3,0.010308800,138.123
1382,500,8.9,0.1016,71.3,0.010308800,138.523
1383,630,8.9,0.1016,71.3,0.010308800,138.423
1384,800,8.9,0.1016,71.3,0.010308800,137.813
1385,1000,8.9,0.1016,71.3,0.010308800,135.433
1386,1250,8.9,0.1016,71.3,0.010308800,132.793
1387,1600,8.9,0.1016,71.3,0.010308800,128.763
1388,2000,8.9,0.1016,71.3,0.010308800,124.233
1389,2500,8.9,0.1016,71.3,0.010308800,123.623
1390,3150,8.9,0.1016,71.3,0.010308800,123.263
1391,4000,8.9,0.1016,71.3,0.010308800,120.243
1392,5000,8.9,0.1016,71.3,0.010308800,116.723
1393,6300,8.9,0.1016,71.3,0.010308800,117.253
1394,200,8.9,0.1016,39.6,0.012459600,133.420
1395,250,8.9,0.1016,39.6,0.012459600,134.340
1396,315,8.9,0.1016,39.6,0.012459600,135.380
1397,400,8.9,0.1016,39.6,0.012459600,135.540
1398,500,8.9,0.1016,39.6,0.012459600,133.790
1399,630,8.9,0.1016,39.6,0.012459600,131.920
1400,800,8.9,0.1016,39.6,0.012459600,130.940
1401,1000,8.9,0.1016,39.6,0.012459600,129.580
1402,1250,8.9,0.1016,39.6,0.012459600,127.710
1403,1600,8.9,0.1016,39.6,0.012459600,123.820
1404,2000,8.9,0.1016,39.6,0.012459600,119.040
1405,2500,8.9,0.1016,39.6,0.012459600,119.190
1406,3150,8.9,0.1016,39.6,0.012459600,119.350
1407,4000,8.9,0.1016,39.6,0.012459600,116.220
1408,5000,8.9,0.1016,39.6,0.012459600,113.080
1409,6300,8.9,0.1016,39.6,0.012459600,113.110
1410,200,12.3,0.1016,71.3,0.033779200,130.588
1411,250,12.3,0.1016,71.3,0.033779200,131.568
1412,315,12.3,0.1016,71.3,0.033779200,137.068
1413,400,12.3,0.1016,71.3,0.033779200,139.428
1414,500,12.3,0.1016,71.3,0.033779200,140.158
1415,630,12.3,0.1016,71.3,0.033779200,135.368
1416,800,12.3,0.1016,71.3,0.033779200,127.318
1417,1000,12.3,0.1016,71.3,0.033779200,127.928
1418,1250,12.3,0.1016,71.3,0.033779200,126.648
1419,1600,12.3,0.1016,71.3,0.033779200,124.748
1420,2000,12.3,0.1016,71.3,0.033779200,122.218
1421,2500,12.3,0.1016,71.3,0.033779200,121.318
1422,3150,12.3,0.1016,71.3,0.033779200,120.798
1423,4000,12.3,0.1016,71.3,0.033779200,118.018
1424,5000,12.3,0.1016,71.3,0.033779200,116.108
1425,6300,12.3,0.1016,71.3,0.033779200,113.958
1426,200,12.3,0.1016,55.5,0.036823300,132.304
1427,250,12.3,0.1016,55.5,0.036823300,133.294
1428,315,12.3,0.1016,55.5,0.036823300,135.674
1429,400,12.3,0.1016,55.5,0.036823300,136.414
1430,500,12.3,0.1016,55.5,0.036823300,133.774
1431,630,12.3,0.1016,55.5,0.036823300,124.244
1432,800,12.3,0.1016,55.5,0.036823300,125.114
1433,1000,12.3,0.1016,55.5,0.036823300,125.484
1434,1250,12.3,0.1016,55.5,0.036823300,124.214
1435,1600,12.3,0.1016,55.5,0.036823300,121.824
1436,2000,12.3,0.1016,55.5,0.036823300,118.564
1437,2500,12.3,0.1016,55.5,0.036823300,117.054
1438,3150,12.3,0.1016,55.5,0.036823300,116.914
1439,4000,12.3,0.1016,55.5,0.036823300,114.404
1440,5000,12.3,0.1016,55.5,0.036823300,112.014
1441,6300,12.3,0.1016,55.5,0.036823300,110.124
1442,200,12.3,0.1016,39.6,0.040826800,128.545
1443,250,12.3,0.1016,39.6,0.040826800,129.675
1444,315,12.3,0.1016,39.6,0.040826800,129.415
1445,400,12.3,0.1016,39.6,0.040826800,128.265
1446,500,12.3,0.1016,39.6,0.040826800,122.205
1447,630,12.3,0.1016,39.6,0.040826800,121.315
1448,800,12.3,0.1016,39.6,0.040826800,122.315
1449,1000,12.3,0.1016,39.6,0.040826800,122.435
1450,1250,12.3,0.1016,39.6,0.040826800,121.165
1451,1600,12.3,0.1016,39.6,0.040826800,117.875
1452,2000,12.3,0.1016,39.6,0.040826800,114.085
1453,2500,12.3,0.1016,39.6,0.040826800,113.315
1454,3150,12.3,0.1016,39.6,0.040826800,113.055
1455,4000,12.3,0.1016,39.6,0.040826800,110.905
1456,5000,12.3,0.1016,39.6,0.040826800,108.625
1457,6300,12.3,0.1016,39.6,0.040826800,107.985
1458,200,12.3,0.1016,31.7,0.041875600,124.987
1459,250,12.3,0.1016,31.7,0.041875600,125.857
1460,315,12.3,0.1016,31.7,0.041875600,124.717
1461,400,12.3,0.1016,31.7,0.041875600,123.207
1462,500,12.3,0.1016,31.7,0.041875600,118.667
1463,630,12.3,0.1016,31.7,0.041875600,119.287
1464,800,12.3,0.1016,31.7,0.041875600,120.037
1465,1000,12.3,0.1016,31.7,0.041875600,119.777
1466,1250,12.3,0.1016,31.7,0.041875600,118.767
1467,1600,12.3,0.1016,31.7,0.041875600,114.477
1468,2000,12.3,0.1016,31.7,0.041875600,110.447
1469,2500,12.3,0.1016,31.7,0.041875600,110.317
1470,3150,12.3,0.1016,31.7,0.041875600,110.307
1471,4000,12.3,0.1016,31.7,0.041875600,108.407
1472,5000,12.3,0.1016,31.7,0.041875600,107.147
1473,6300,12.3,0.1016,31.7,0.041875600,107.267
1474,200,15.6,0.1016,71.3,0.043725900,130.898
1475,250,15.6,0.1016,71.3,0.043725900,132.158
1476,315,15.6,0.1016,71.3,0.043725900,133.808
1477,400,15.6,0.1016,71.3,0.043725900,134.058
1478,500,15.6,0.1016,71.3,0.043725900,130.638
1479,630,15.6,0.1016,71.3,0.043725900,122.288
1480,800,15.6,0.1016,71.3,0.043725900,124.188
1481,1000,15.6,0.1016,71.3,0.043725900,124.438
1482,1250,15.6,0.1016,71.3,0.043725900,123.178
1483,1600,15.6,0.1016,71.3,0.043725900,121.528
1484,2000,15.6,0.1016,71.3,0.043725900,119.888
1485,2500,15.6,0.1016,71.3,0.043725900,118.998
1486,3150,15.6,0.1016,71.3,0.043725900,116.468
1487,4000,15.6,0.1016,71.3,0.043725900,113.298
1488,200,15.6,0.1016,39.6,0.052848700,123.514
1489,250,15.6,0.1016,39.6,0.052848700,124.644
1490,315,15.6,0.1016,39.6,0.052848700,122.754
1491,400,15.6,0.1016,39.6,0.052848700,120.484
1492,500,15.6,0.1016,39.6,0.052848700,115.304
1493,630,15.6,0.1016,39.6,0.052848700,118.084
1494,800,15.6,0.1016,39.6,0.052848700,118.964
1495,1000,15.6,0.1016,39.6,0.052848700,119.224
1496,1250,15.6,0.1016,39.6,0.052848700,118.214
1497,1600,15.6,0.1016,39.6,0.052848700,114.554
1498,2000,15.6,0.1016,39.6,0.052848700,110.894
1499,2500,15.6,0.1016,39.6,0.052848700,110.264
1500,3150,15.6,0.1016,39.6,0.052848700,109.254
1501,4000,15.6,0.1016,39.6,0.052848700,106.604
1502,5000,15.6,0.1016,39.6,0.052848700,106.224
1503,6300,15.6,0.1016,39.6,0.052848700,104.204