avg_capital_seq,spam
1,1.500,0
2,4.941,1
3,3.429,1
4,3.493,1
5,3.380,0
6,3.689,1
7,1.000,0
8,6.761,1
9,2.195,1
10,2.857,0
11,1.883,0
12,1.744,0
13,2.325,0
14,1.250,0
15,1.800,1
16,2.500,0
17,4.617,1
18,2.206,0
19,8.323,1
20,3.764,0
21,1.932,0
22,3.153,0
23,1.983,0
24,3.812,1
25,4.295,0
26,4.500,1
27,1.300,0
28,1.000,0
29,5.009,1
30,5.888,0
31,1.000,0
32,3.456,1
33,3.379,0
34,1.755,0
35,2.333,0
36,2.188,0
37,1.406,0
38,1.857,0
39,3.707,1
40,3.766,0
41,2.930,1
42,2.076,0
43,1.900,0
44,1.684,1
45,2.769,1
46,4.571,0
47,3.029,0
48,3.628,0
49,11.714,1
50,1.285,0
51,4.134,0
52,2.393,0
53,1.183,0
54,2.198,0
55,3.125,1
56,2.405,0
57,1.798,0
58,1.976,0
59,1.592,0
60,5.538,1
61,1.268,0
62,1.228,0
63,2.158,0
64,2.421,0
65,1.000,1
66,1.834,0
67,1.181,0
68,337.250,1
69,5.985,1
70,1.125,0
71,2.288,0
72,1.423,0
73,2.666,0
74,4.964,0
75,1.000,0
76,1.000,0
77,1.801,0
78,2.188,0
79,1.652,0
80,1.240,0
81,2.465,1
82,9.633,1
83,1.382,0
84,2.240,0
85,13.166,1
86,1.844,1
87,2.203,0
88,3.211,0
89,1.687,0
90,1.619,0
91,3.160,0
92,2.888,1
93,3.704,0
94,15.547,1
95,2.022,0
96,5.500,1
97,3.700,0
98,3.333,0
99,1.644,0
100,1.428,0
101,1.000,0
102,3.000,0
103,1.333,0
104,2.420,0
105,2.529,0
106,1.704,0
107,3.836,1
108,2.666,1
109,2.166,1
110,1.225,0
111,2.000,0
112,2.277,0
113,4.437,0
114,2.145,1
115,1.830,0
116,1.755,0
117,4.166,0
118,3.083,0
119,2.950,0
120,2.673,1
121,2.777,0
122,3.217,1
123,1.468,0
124,4.339,1
125,1.000,0
126,1.880,0
127,2.000,0
128,1.300,0
129,2.181,0
130,2.708,0
131,2.366,1
132,1.136,1
133,2.281,0
134,1.567,0
135,1.602,0
136,1.000,1
137,2.843,0
138,3.300,0
139,1.750,0
140,1.885,0
141,1.750,0
142,1.500,0
143,3.333,0
144,2.257,1
145,1.454,0
146,2.540,0
147,3.705,1
148,4.049,1
149,1.293,1
150,5.038,1
151,14.500,1
152,2.086,1
153,1.119,0
154,2.142,0
155,1.000,0
156,1.421,0
157,1.901,1
158,1.535,0
159,1.486,0
160,1.000,1
161,4.548,1
162,7.552,1
163,1.718,0
164,2.687,1
165,89.900,1
166,1.475,0
167,3.642,1
168,1.719,0
169,3.780,1
170,1.554,0
171,1.752,1
172,1.200,0
173,1.894,0
174,2.655,0
175,2.291,0
176,2.211,0
177,1.902,0
178,1.863,0
179,2.240,0
180,1.312,1
181,1.712,0
182,1.400,0
183,2.755,1
184,1.506,0
185,1.000,0
186,1.428,0
187,1.796,1
188,1.947,0
189,4.430,1
190,1.823,1
191,1.000,0
192,2.741,0
193,4.555,1
194,7.484,1
195,1.635,0
196,3.871,1
197,3.629,1
198,1.076,1
199,1.494,1
200,2.375,1
201,3.758,1
202,2.062,1
203,11.685,1
204,1.653,0
205,1.181,0
206,1.370,0
207,1.129,0
208,4.125,1
209,1.541,0
210,1.888,0
211,2.142,0
212,2.933,0
213,1.942,0
214,1.285,0
215,2.063,0
216,1.181,0
217,1.000,0
218,2.571,1
219,1.487,0
220,4.016,0
221,3.918,0
222,1.794,0
223,10.585,1
224,3.237,0
225,2.130,0
226,4.111,1
227,1.945,0
228,25.220,1
229,3.426,1
230,1.694,1
231,7.540,1
232,1.833,0
233,4.696,0
234,4.600,1
235,3.250,0
236,1.379,1
237,3.328,1
238,2.533,0
239,1.525,1
240,25.964,1
241,4.259,1
242,2.646,0
243,2.448,0
244,5.888,0
245,1.700,0
246,2.142,0
247,1.309,0
248,2.815,1
249,2.890,0
250,1.344,0
251,8.033,1
252,1.285,0
253,1.463,1
254,1.666,0
255,1.428,1
256,1.210,0
257,1.840,0
258,2.000,0
259,1.681,0
260,8.016,1
261,5.187,1
262,10.068,1
263,5.977,1
264,2.500,1
265,2.166,0
266,2.125,0
267,4.793,1
268,5.500,0
269,1.000,0
270,1.000,0
271,1.958,0
272,2.166,0
273,6.723,1
274,6.298,1
275,1.500,0
276,1.384,0
277,2.142,0
278,2.111,0
279,7.000,1
280,2.000,0
281,1.066,0
282,1.153,0
283,2.337,1
284,5.037,1
285,1.125,0
286,5.838,1
287,1.837,0
288,2.444,0
289,2.051,1
290,1.682,0
291,1.477,1
292,1.494,1
293,2.322,0
294,2.700,1
295,53.433,1
296,18.000,0
297,2.988,0
298,13.928,1
299,3.083,0
300,5.250,1
301,2.250,0
302,2.423,0
303,3.476,1
304,6.800,0
305,6.294,1
306,6.161,1
307,4.062,0
308,3.280,1
309,7.941,1
310,2.222,0
311,1.958,0
312,2.785,0
313,15.493,1
314,1.981,0
315,6.269,1
316,2.151,0
317,48.500,1
318,2.148,0
319,1.000,0
320,4.000,1
321,16.217,1
322,4.047,1
323,2.432,0
324,2.214,0
325,1.103,1
326,5.263,0
327,1.206,1
328,6.590,1
329,1.266,0
330,1.831,0
331,4.689,0
332,1.911,0
333,1.779,1
334,2.972,1
335,2.062,0
336,1.222,0
337,3.298,1
338,1.714,0
339,2.057,0
340,13.250,0
341,1.420,1
342,3.052,1
343,7.666,1
344,3.400,0
345,1.547,0
346,3.761,1
347,2.030,0
348,1.000,0
349,1.353,0
350,9.310,0
351,5.225,1
352,1.333,0
353,1.800,1
354,2.250,0
355,2.293,0
356,4.333,1
357,5.774,1
358,2.559,1
359,3.000,1
360,2.800,0
361,4.413,0
362,1.971,1
363,1.000,1
364,1.666,0
365,1.263,0
366,1.200,1
367,2.276,0
368,2.522,1
369,2.900,1
370,24.785,1
371,2.133,0
372,5.635,1
373,2.666,0
374,4.913,1
375,1.714,0
376,4.333,1
377,2.179,1
378,2.862,0
379,3.904,1
380,1.000,0
381,1.000,0
382,1.250,0
383,1.000,0
384,3.000,0
385,2.204,0
386,4.153,1
387,1.428,0
388,3.722,0
389,1.480,0
390,2.000,1
391,1.000,0
392,3.370,1
393,9.744,1
394,5.610,0
395,4.930,1
396,1.210,0
397,5.052,0
398,2.430,0
399,4.617,1
400,2.000,0
401,3.812,1
402,15.892,1
403,1.596,0
404,1.222,0
405,56.538,1
406,8.550,1
407,2.213,0
408,1.666,1
409,3.155,1
410,1.800,0
411,3.071,1
412,1.800,0
413,1.592,0
414,6.238,1
415,1.347,0
416,2.322,1
417,1.287,1
418,71.500,1
419,1.263,0
420,1.884,0
421,2.457,0
422,1.000,0
423,1.480,0
424,1.612,0
425,2.036,1
426,1.500,0
427,1.823,0
428,3.181,1
429,4.133,1
430,1.285,0
431,1.979,1
432,1.869,1
433,1.277,0
434,1.000,0
435,1.442,0
436,1.076,0
437,2.166,1
438,4.382,0
439,32.000,1
440,1.000,0
441,1.390,1
442,1.181,0
443,1.000,0
444,6.482,1
445,3.166,1
446,2.142,0
447,4.080,1
448,2.280,0
449,2.208,0
450,1.987,1
451,1.864,1
452,1.550,0
453,1.000,0
454,1.666,0
455,2.340,1
456,2.100,0
457,3.280,0
458,3.315,1
459,8.550,1
460,1.000,0
461,15.916,1
462,4.891,0
463,1.266,1
464,2.000,0
465,5.459,1
466,9.785,1
467,1.428,0
468,1.000,0
469,1.100,0
470,64.416,1
471,2.232,0
472,2.202,0
473,3.548,1
474,4.250,0
475,2.058,0
476,3.414,0
477,3.714,1
478,4.133,0
479,1.373,0
480,1.684,0
481,4.041,1
482,2.375,0
483,2.000,0
484,1.300,0
485,1.434,1
486,3.417,1
487,1.426,0
488,1.081,0
489,2.437,1
490,1.375,0
491,1.040,0
492,2.235,0
493,2.333,0
494,2.682,0
495,1.229,1
496,4.000,0
497,1.250,0
498,2.703,0
499,3.904,0
500,1.552,0
501,1.997,0
502,2.128,1
503,2.962,1
504,2.700,0
505,5.549,1
506,2.769,0
507,1.611,0
508,1.450,0
509,1.181,1
510,1.500,0
511,2.000,0
512,1.000,0
513,2.546,0
514,1.517,1
515,3.538,1
516,1.214,0
517,1.958,0
518,1.477,1
519,4.000,1
520,5.058,1
521,1.000,0
522,1.666,0
523,1.529,0
524,2.934,1
525,1.796,1
526,1.000,0
527,1.156,0
528,1.696,1
529,2.093,1
530,2.370,1
531,1.102,1
532,1.302,0
533,2.270,0
534,2.758,0
535,1.000,0
536,1.200,0
537,4.333,1
538,1.294,0
539,2.592,1
540,4.411,0
541,3.789,0
542,2.285,0
543,1.000,1
544,7.484,1
545,7.709,1
546,1.590,0
547,4.500,1
548,1.333,0
549,1.909,1
550,1.769,0
551,1.000,0
552,1.400,0
553,1.636,1
554,2.750,1
555,2.256,1
556,1.000,0
557,6.027,1
558,27.479,1
559,9.785,1
560,1.732,1
561,1.068,0
562,2.588,1
563,4.208,0
564,2.887,0
565,2.875,0
566,1.720,0
567,3.666,0
568,6.686,1
569,8.550,1
570,3.184,0
571,1.800,0
572,6.094,1
573,2.776,1
574,1.000,0
575,4.000,1
576,2.131,1
577,2.689,1
578,11.066,1
579,1.000,0
580,1.536,0
581,35.461,1
582,3.574,0
583,3.125,0
584,1.000,0
585,1.363,0
586,1.666,0
587,1.250,0
588,3.750,0
589,4.333,1
590,1.541,1
591,4.176,0
592,1.645,0
593,1.269,0
594,3.000,1
595,3.185,0
596,6.718,1
597,1.250,0
598,3.401,1
599,2.055,1
600,7.273,1
601,1.543,1
602,2.868,1
603,1.000,0
604,1.272,0
605,1.600,0
606,3.600,1
607,1.405,0
608,1.000,0
609,1.607,1
610,3.167,0
611,6.641,1
612,1.428,1
613,2.166,0
614,4.268,0
615,1.194,1
616,1.444,0
617,1.941,1
618,3.922,1
619,2.922,1
620,1.200,0
621,2.375,1
622,2.016,0
623,2.962,1
624,1.760,0
625,1.700,0
626,2.413,1
627,8.086,1
628,17.904,0
629,1.166,0
630,2.555,0
631,1.285,0
632,3.600,1
633,1.793,0
634,4.071,1
635,2.221,0
636,6.100,1
637,3.000,0
638,2.787,1
639,1.583,0
640,3.555,0
641,1.714,0
642,1.800,1
643,1.763,1
644,2.380,0
645,1.761,0
646,1.813,0
647,1.793,0
648,1.357,1
649,5.632,1
650,3.333,0
651,1.000,0
652,8.478,0
653,4.833,1
654,1.272,0
655,1.348,1
656,2.000,0
657,2.104,1
658,1.000,0
659,1.000,0
660,1.891,0
661,2.000,0
662,12.692,1
663,6.266,1
664,3.048,1
665,3.338,1
666,1.974,0
667,1.681,0
668,1.000,0
669,2.297,0
670,5.525,0
671,4.333,0
672,1.681,0
673,1.969,0
674,2.611,1
675,5.888,0
676,6.758,1
677,1.536,0
678,1.000,1
679,2.379,1
680,1.880,0
681,1.571,0
682,1.153,0
683,2.782,1
684,5.019,1
685,1.333,1
686,8.851,1
687,2.777,1
688,2.232,1
689,2.812,0
690,1.500,0
691,1.722,0
692,3.000,1
693,1.600,0
694,4.476,1
695,2.310,0
696,1.873,0
697,3.318,1
698,1.902,0
699,5.857,0
700,2.666,1
701,2.535,0
702,4.070,1
703,1.238,0
704,2.360,0
705,2.173,0
706,1.000,0
707,1.679,0
708,1.379,1
709,1.411,0
710,3.400,1
711,2.440,1
712,1.071,0
713,1.000,0
714,3.560,1
715,2.784,0
716,6.110,1
717,4.924,1
718,6.789,1
719,2.750,1
720,4.750,0
721,2.676,1
722,1.000,0
723,3.025,1
724,4.192,1
725,2.818,1
726,6.111,1
727,1.703,0
728,1.114,0
729,82.250,1
730,3.302,0
731,5.634,1
732,1.820,0
733,1.631,0
734,1.197,0
735,3.826,1
736,2.000,1
737,2.545,0
738,2.604,0
739,1.000,0
740,1.465,0
741,3.577,1
742,3.685,1
743,3.186,1
744,3.664,1
745,17.857,0
746,3.444,0
747,1.642,0
748,2.000,0
749,1.428,1
750,1.846,1
751,1.626,0
752,4.215,1
753,2.430,0
754,2.088,1
755,1.920,0
756,4.180,1
757,2.678,1
758,1.600,0
759,5.297,1
760,2.566,0
761,3.659,0
762,4.022,1
763,1.841,1
764,2.000,0
765,1.711,1
766,1.000,0
767,1.769,0
768,2.434,0
769,1.500,0
770,3.629,1
771,14.000,0
772,1.000,1
773,1.890,1
774,12.176,1
775,2.222,0
776,2.577,0
777,3.343,1
778,1.346,0
779,2.468,1
780,4.179,0
781,1.315,0
782,2.125,1
783,1.166,0
784,6.033,1
785,1.800,0
786,5.250,0
787,1.000,0
788,3.350,1
789,1.705,0
790,1.562,0
791,1.000,0
792,1.964,0
793,5.593,0
794,4.653,1
795,1.807,0
796,3.657,0
797,3.525,0
798,1.000,0
799,2.890,1
800,2.033,1
801,1.857,0
802,1.800,0
803,1.833,0
804,5.038,1
805,8.476,1
806,2.093,0
807,1.933,0
808,1.866,0
809,3.761,1
810,2.900,1
811,3.533,0
812,2.111,1
813,31.388,1
814,1.400,0
815,1.500,0
816,2.264,1
817,1.270,0
818,6.187,0
819,1.300,0
820,1.333,0
821,1.833,0
822,4.590,1
823,2.040,1
824,4.037,0
825,3.850,0
826,1.477,1
827,1.800,0
828,2.287,0
829,5.571,1
830,3.015,0
831,8.636,1
832,1.000,0
833,3.809,1
834,1.875,0
835,2.714,0
836,1.428,0
837,2.413,1
838,2.000,0
839,2.235,1
840,1.000,0
841,1.837,0
842,1.545,0
843,6.090,0
844,3.500,1
845,3.740,0
846,2.662,0
847,2.386,0
848,14.619,1
849,1.000,0
850,2.234,0
851,14.880,1
852,2.375,0
853,1.375,0
854,1.394,1
855,3.750,1
856,1.000,0
857,1.750,0
858,1.389,0
859,2.538,1
860,4.393,0
861,5.833,1
862,1102.500,1
863,2.698,1
864,1.490,1
865,1.142,0
866,1.948,1
867,2.000,0
868,2.000,0
869,3.591,0
870,1.000,0
871,2.151,0
872,1.800,0
873,1.735,0
874,2.315,1
875,1.700,0
876,2.464,0
877,2.000,0
878,4.786,1
879,1.461,1
880,3.923,1
881,1.260,0
882,4.223,0
883,1.666,0
884,1.571,0
885,1.500,0
886,1.612,1
887,2.527,1
888,1.583,0
889,2.235,0
890,4.685,1
891,2.037,0
892,1.076,0
893,2.300,1
894,4.904,1
895,4.979,1
896,3.606,0
897,6.113,0
898,3.800,1
899,3.150,1
900,1.514,0
901,2.250,1
902,3.335,1
903,1.559,1
904,1.000,0
905,2.192,0
906,1.780,0
907,1.766,0
908,5.114,1
909,3.211,1
910,1.150,0
911,1.688,0
912,1.859,0
913,1.000,0
914,6.305,1
915,1.494,1
916,1.647,0
917,1.250,1
918,4.965,1
919,1.740,0
920,4.255,0
921,2.075,0
922,2.604,0
923,443.666,1
924,2.878,1
925,8.125,0
926,8.550,1
927,1.333,0
928,1.329,0
929,3.367,0
930,2.527,0
931,1.000,0
932,12.200,1
933,2.704,0
934,1.285,0
935,2.750,0
936,1.827,1
937,3.282,1
938,1.800,0
939,2.257,1
940,1.428,0
941,7.055,1
942,6.894,0
943,2.135,0
944,2.675,1
945,2.172,0
946,2.097,0
947,2.290,0
948,7.059,1
949,1.375,0
950,5.761,1
951,16.739,1
952,1.400,0
953,1.076,0
954,1.933,0
955,5.150,0
956,1.857,0
957,6.000,1
958,1.629,0
959,1.800,0
960,1.500,0
961,4.818,1
962,3.200,1
963,1.857,0
964,2.100,0
965,1.672,1
966,3.718,1
967,1.000,0
968,1.350,0
969,1.000,0
970,6.813,1
971,5.500,0
972,4.035,1
973,3.076,0
974,2.360,0
975,443.333,1
976,2.150,0
977,50.166,1
978,4.176,1
979,5.101,1
980,2.157,1
981,1.230,0
982,1.000,0
983,5.425,1
984,3.100,1
985,36.642,1
986,1.795,0
987,2.133,1
988,1.666,1
989,1.428,0
990,1.325,1
991,6.266,1
992,7.781,1
993,2.030,1
994,1.275,0
995,1.533,0
996,2.829,0
997,3.176,0
998,4.159,1
999,2.362,0
1000,1.777,0
1001,3.100,0
1002,3.000,0
1003,3.631,0
1004,1.000,0
1005,1.512,0
1006,1.878,0
1007,5.666,1
1008,2.838,0
1009,1.065,0
1010,1.600,0
1011,11.035,1
1012,9.310,0
1013,4.192,1
1014,2.576,0
1015,2.620,0
1016,1.000,0
1017,2.483,0
1018,8.026,1
1019,1.764,0
1020,1.967,0
1021,1.950,0
1022,4.923,1
1023,2.666,0
1024,1.690,1
1025,1.000,0
1026,1.076,0
1027,1.818,0
1028,1.645,0
1029,18.400,1
1030,2.423,0
1031,2.391,1
1032,1.246,1
1033,2.333,0
1034,2.288,0
1035,3.925,1
1036,2.095,0
1037,4.750,0
1038,1.960,0
1039,4.066,1
1040,3.950,1
1041,2.097,0
1042,1.200,0
1043,2.111,0
1044,6.725,1
1045,4.623,1
1046,1.090,0
1047,4.068,0
1048,1.100,1
1049,1.663,0
1050,3.384,1
1051,5.833,1
1052,2.000,0
1053,1.769,0
1054,1.677,0
1055,2.090,0
1056,3.851,0
1057,1.590,0
1058,5.250,1
1059,1.545,0
1060,3.257,1
1061,5.300,0
1062,3.702,1
1063,1.919,0
1064,5.955,1
1065,3.384,1
1066,1.750,0
1067,1.555,0
1068,1.857,0
1069,1.117,0
1070,2.111,1
1071,3.041,0
1072,2.000,0
1073,3.196,0
1074,1.649,0
1075,3.716,0
1076,5.000,0
1077,2.166,1
1078,5.105,1
1079,1.000,0
1080,2.630,0
1081,4.114,0
1082,4.176,1
1083,1.300,0
1084,3.902,1
1085,1.538,0
1086,6.100,1
1087,20.000,0
1088,5.086,1
1089,2.559,1
1090,6.978,1
1091,1.494,1
1092,2.000,1
1093,1.130,0
1094,2.000,0
1095,3.857,0
1096,3.651,0
1097,15.086,1
1098,1.705,0
1099,4.000,0
1100,1.796,1
1101,1.771,0
1102,1.732,0
1103,9.411,1
1104,1.529,0
1105,2.283,0
1106,1.442,1
1107,2.413,1
1108,3.294,0
1109,1.746,0
1110,2.062,0
1111,2.538,0
1112,1.877,0
1113,2.356,0
1114,3.485,1
1115,2.000,0
1116,1.678,0
1117,3.689,1
1118,1.491,0
1119,4.523,1
1120,2.818,1
1121,2.222,0
1122,2.370,1
1123,4.110,0
1124,1.695,0
1125,2.141,1
1126,1.800,0
1127,1.000,0
1128,1.000,0
1129,1.230,0
1130,3.500,1
1131,3.657,0
1132,1.000,0
1133,2.333,1
1134,1.480,0
1135,4.808,0
1136,1.558,1
1137,6.588,1
1138,1.000,0
1139,4.333,1
1140,16.587,1
1141,1.000,0
1142,3.621,1
1143,2.457,0
1144,2.603,0
1145,1.846,0
1146,1.000,0
1147,1.515,1
1148,1.733,0
1149,1.607,0
1150,1.777,0
1151,3.571,0
1152,2.060,0
1153,1.704,0
1154,3.117,0
1155,3.772,0
1156,5.938,1
1157,1.000,0
1158,5.538,1
1159,2.150,1
1160,2.106,1
1161,1.263,0
1162,2.524,0
1163,2.157,0
1164,1.836,0
1165,6.601,1
1166,2.238,0
1167,2.166,0
1168,3.571,1
1169,2.500,0
1170,2.400,0
1171,1.666,0
1172,1.000,0
1173,2.962,1
1174,1.740,1
1175,2.000,0
1176,1.195,0
1177,1.813,0
1178,1.333,0
1179,5.105,1
1180,6.000,1
1181,1.400,0
1182,2.926,0
1183,2.630,0
1184,5.473,0
1185,1.411,0
1186,1.250,0
1187,2.333,1
1188,3.333,0
1189,1.948,0
1190,1.954,1
1191,2.777,1
1192,5.500,1
1193,1.580,1
1194,2.307,0
1195,2.854,0
1196,1.000,0
1197,5.800,0
1198,2.032,1
1199,5.960,1
1200,6.815,1
1201,3.956,0
1202,1.000,0
1203,1.000,0
1204,1.750,0
1205,3.533,1
1206,1.576,0
1207,1.000,0
1208,2.900,0
1209,2.171,0
1210,4.500,1
1211,1.612,1
1212,12.382,1
1213,2.440,0
1214,1.619,0
1215,2.186,0
1216,2.655,0
1217,1.480,0
1218,2.108,0
1219,2.125,0
1220,1.000,0
1221,1.750,0
1222,1.571,0
1223,2.250,0
1224,2.571,0
1225,5.782,1
1226,1.500,0
1227,1.894,1
1228,3.341,1
1229,5.000,1
1230,3.000,1
1231,3.290,1
1232,1.919,0
1233,2.411,1
1234,9.444,1
1235,2.063,0
1236,4.190,0
1237,5.357,0
1238,2.160,0
1239,5.875,1
1240,3.782,0
1241,2.634,0
1242,3.621,1
1243,1.666,0
1244,3.200,0
1245,2.533,0
1246,2.388,0
1247,1.787,1
1248,4.115,0
1249,1.947,0
1250,2.565,0
1251,3.272,1
1252,4.461,0
1253,1.058,0
1254,1.444,0
1255,1.102,1
1256,1.767,0
1257,3.066,1
1258,1.333,0
1259,2.983,0
1260,49.866,1
1261,3.387,0
1262,3.937,0
1263,4.058,1
1264,7.046,0
1265,1.559,1
1266,1.000,0
1267,1.125,0
1268,1.506,0
1269,4.022,1
1270,2.222,0
1271,3.142,0
1272,1.693,1
1273,2.375,0
1274,4.064,1
1275,2.750,0
1276,1.250,0
1277,2.043,0
1278,1.052,0
1279,2.133,1
1280,5.846,0
1281,3.598,1
1282,1.120,0
1283,1.000,0
1284,1.411,0
1285,6.529,1
1286,2.742,1
1287,1.462,0
1288,1.416,1
1289,1.000,0
1290,2.035,0
1291,1.285,0
1292,1.000,0
1293,1.625,0
1294,4.330,1
1295,1.400,0
1296,2.403,1
1297,3.697,1
1298,2.950,0
1299,2.861,1
1300,1.478,0
1301,1.800,0
1302,1.222,0
1303,3.459,1
1304,3.096,1
1305,1.515,1
1306,18.454,0
1307,2.932,1
1308,2.740,1
1309,1.714,0
1310,1.363,0
1311,1.300,0
1312,2.333,0
1313,1.535,0
1314,6.050,1
1315,2.921,0
1316,2.195,0
1317,1.000,1
1318,3.315,0
1319,1.110,0
1320,2.666,0
1321,3.176,0
1322,3.071,0
1323,2.409,0
1324,3.846,0
1325,2.541,0
1326,1.000,0
1327,6.602,1
1328,1.720,0
1329,1.777,1
1330,4.875,1
1331,3.260,0
1332,2.250,0
1333,4.444,1
1334,1.312,0
1335,1.000,0
1336,3.632,1
1337,2.724,0
1338,2.065,0
1339,3.700,0
1340,3.080,0
1341,3.575,1
1342,3.338,0
1343,1.788,0
1344,4.352,0
1345,8.550,1
1346,1.400,0
1347,3.400,1
1348,6.544,1
1349,1.361,1
1350,5.279,1
1351,2.678,1
1352,4.897,1
1353,4.818,1
1354,4.470,1
1355,1.230,0
1356,2.511,1
1357,2.727,0
1358,2.484,0
1359,6.652,1
1360,1.421,1
1361,1.000,0
1362,1.000,0
1363,1.377,1
1364,1.229,0
1365,5.500,1
1366,5.783,1
1367,5.549,1
1368,2.600,0
1369,1.571,0
1370,1.568,0
1371,1.890,0
1372,2.291,0
1373,1.000,0
1374,1.666,0
1375,5.500,0
1376,3.737,1
1377,2.725,0
1378,2.000,0
1379,1.915,0
1380,6.275,1
1381,1.333,0
1382,2.013,0
1383,4.215,1
1384,1.875,0
1385,2.293,1
1386,6.813,1
1387,4.941,1
1388,1.000,0
1389,5.289,1
1390,2.780,0
1391,1.000,0
1392,1.924,0
1393,1.375,0
1394,3.333,0
1395,1.294,0
1396,2.686,1
1397,1.250,0
1398,1.136,0
1399,1.352,0
1400,2.157,1
1401,2.193,0
1402,3.244,1
1403,6.268,1
1404,8.760,0
1405,4.000,1
1406,1.000,0
1407,2.829,0
1408,1.696,0
1409,1.433,0
1410,44.720,1
1411,7.541,1
1412,1.000,0
1413,3.666,1
1414,1.804,0
1415,1.361,0
1416,1.235,0
1417,6.166,1
1418,4.320,1
1419,2.606,1
1420,2.227,0
1421,2.557,0
1422,2.731,0
1423,2.000,0
1424,1.733,1
1425,1.240,0
1426,1.722,0
1427,1.487,0
1428,3.875,1
1429,4.757,0
1430,5.769,1
1431,5.264,0
1432,2.141,0
1433,3.583,0
1434,1.800,0
1435,4.309,0
1436,1.325,1
1437,3.925,1
1438,3.333,1
1439,5.857,0
1440,1.000,1
1441,2.171,0
1442,2.000,0
1443,1.000,0
1444,4.297,1
1445,2.150,1
1446,13.936,1
1447,1.420,1
1448,3.554,1
1449,2.182,0
1450,1.364,1
1451,6.000,0
1452,1.000,0
1453,2.246,0
1454,5.160,1
1455,1.000,0
1456,2.364,0
1457,4.476,0
1458,2.533,0
1459,1.312,1
1460,2.840,1
1461,2.250,0
1462,1.074,0
1463,6.978,1
1464,4.054,0
1465,1.517,0
1466,2.567,0
1467,1.614,0
1468,1.000,0
1469,5.500,1
1470,104.666,1
1471,1.166,0
1472,1.055,0
1473,2.307,0
1474,1.535,0
1475,3.472,0
1476,1.403,0
1477,1.827,0
1478,1.000,0
1479,6.137,0
1480,1.800,0
1481,295.000,1
1482,1.736,0
1483,1.888,0
1484,4.326,0
1485,1.428,0
1486,6.142,1
1487,2.562,0
1488,1.000,0
1489,1.786,0
1490,2.950,0
1491,2.879,0
1492,1.888,1
1493,3.000,0
1494,1.555,0
1495,2.966,1
1496,3.591,1
1497,1.859,1
1498,4.758,0
1499,4.155,1
1500,3.414,1
1501,2.500,1
1502,1.488,0
1503,1.800,1
1504,3.631,1
1505,2.257,1
1506,5.038,1
1507,1.189,0
1508,2.240,0
1509,2.410,1
1510,4.000,1
1511,1.625,0
1512,1.300,0
1513,3.061,0
1514,1.000,1
1515,193.500,1
1516,1.043,0
1517,1.000,0
1518,1.000,0
1519,1.333,1
1520,4.818,1
1521,6.685,1
1522,8.312,1
1523,4.194,1
1524,1.533,0
1525,4.029,1
1526,1.537,1
1527,4.600,1
1528,1.866,1
1529,1.222,0
1530,1.000,0
1531,3.066,1
1532,3.694,1
1533,1.748,1
1534,1.203,0
1535,1.538,0
1536,4.586,0
1537,2.162,1
1538,9.039,1
1539,2.300,0
1540,1.419,0
1541,2.777,0
1542,1.307,0
1543,4.333,1
1544,8.026,1
1545,3.552,1
1546,6.300,1
1547,6.428,0
1548,3.700,0
1549,1.428,0
1550,1.611,0
1551,2.333,0
1552,2.142,0
1553,9.705,1
1554,1.800,0
1555,5.783,1
1556,2.950,1
1557,16.217,1
1558,5.392,1
1559,1.625,0
1560,1.166,0
1561,2.145,0
1562,1.148,0
1563,1.718,0
1564,1.000,0
1565,1.125,0
1566,2.925,0
1567,3.875,0
1568,5.454,1
1569,1.909,0
1570,5.603,0
1571,2.625,1
1572,4.536,0
1573,3.000,0
1574,2.405,1
1575,2.941,0
1576,1.348,1
1577,1.522,0
1578,2.080,0
1579,1.296,0
1580,1.838,1
1581,1.200,0
1582,2.022,1
1583,2.926,1
1584,6.586,1
1585,2.000,0
1586,1.307,0
1587,14.301,1
1588,6.602,1
1589,1.873,0
1590,2.345,0
1591,1.884,0
1592,2.176,0
1593,2.900,0
1594,6.090,0
1595,8.763,1
1596,1.671,0
1597,6.073,1
1598,1.937,0
1599,2.200,0
1600,2.500,0
1601,1.363,0
1602,1.494,1
1603,4.111,1
1604,2.823,1
1605,8.117,0
1606,4.947,1
1607,129.500,1
1608,1.466,0
1609,9.727,1
1610,3.131,1
1611,1.000,0
1612,3.416,1
1613,6.500,1
1614,1.538,0
1615,1.100,0
1616,2.028,0
1617,1.000,0
1618,1.461,1
1619,9.218,1
1620,1.000,0
1621,1.033,0
1622,4.052,0
1623,2.000,0
1624,1.000,0
1625,2.142,0
1626,2.627,1
1627,1.937,0
1628,6.487,1
1629,2.552,0
1630,1.312,0
1631,2.409,0
1632,1.611,0
1633,2.882,0
1634,2.724,0
1635,1.000,0
1636,1.300,1
1637,1.181,0
1638,4.020,1
1639,5.200,0
1640,1.750,0
1641,2.297,1
1642,1.222,0
1643,1.000,0
1644,2.541,0
1645,1.512,1
1646,1.733,1
1647,3.454,1
1648,1.502,0
1649,4.100,1
1650,6.049,1
1651,3.000,0
1652,2.162,1
1653,1.903,1
1654,1.196,0
1655,1.348,0
1656,1.000,0
1657,1.428,1
1658,1.387,0
1659,5.466,1
1660,15.160,1
1661,1.637,0
1662,5.888,0
1663,3.391,0
1664,2.143,0
1665,3.000,0
1666,3.857,1
1667,2.440,1
1668,2.111,1
1669,2.319,0
1670,2.315,1
1671,1.416,1
1672,14.619,1
1673,4.031,1
1674,2.428,0
1675,2.976,0
1676,9.428,1
1677,1.406,0
1678,1.494,1
1679,1.550,1
1680,1.357,1
1681,1.000,0
1682,3.500,0
1683,2.312,0
1684,1.000,0
1685,1.800,0
1686,1.800,0
1687,2.103,1
1688,3.138,1
1689,5.114,1
1690,4.391,1
1691,4.750,1
1692,1.666,0
1693,1.677,0
1694,2.646,0
1695,4.047,1
1696,3.461,0
1697,5.802,0
1698,1.347,0
1699,4.541,1
1700,1.785,0
1701,1.212,0
1702,5.888,0
1703,1.379,1
1704,2.076,0
1705,4.984,0
1706,4.472,0
1707,1.000,0
1708,1.538,0
1709,1.400,0
1710,1.000,0
1711,1.955,0
1712,2.982,0
1713,1.214,1
1714,4.250,0
1715,1.666,0
1716,1.702,0
1717,2.275,0
1718,1.857,0
1719,4.257,0
1720,9.827,1
1721,1.071,0
1722,2.875,0
1723,4.923,1
1724,4.971,1
1725,8.550,1
1726,2.344,0
1727,1.000,0
1728,295.000,1
1729,6.612,1
1730,3.043,0
1731,1.636,0
1732,2.353,1
1733,2.909,1
1734,1.494,1
1735,1.000,0
1736,4.500,1
1737,2.080,1
1738,2.525,0
1739,17.481,1
1740,3.552,0
1741,2.638,0
1742,1.647,0
1743,11.320,1
1744,3.225,1
1745,4.307,1
1746,2.419,0
1747,2.037,0
1748,2.755,1
1749,3.446,1
1750,2.102,0
1751,1.147,0
1752,5.300,1
1753,1.500,0
1754,1.796,1
1755,3.305,1
1756,1.400,1
1757,6.800,1
1758,1.803,0
1759,1.000,0
1760,5.323,1
1761,2.363,0
1762,4.070,1
1763,2.454,0
1764,4.818,1
1765,3.488,1
1766,1.862,1
1767,3.535,1
1768,1.000,0
1769,1.000,0
1770,4.166,1
1771,3.478,0
1772,1.583,0
1773,7.192,1
1774,1.773,1
1775,1.627,0
1776,3.129,0
1777,1.387,0
1778,3.294,1
1779,1.326,0
1780,1.736,0
1781,3.895,1
1782,1.057,0
1783,1.477,1
1784,6.652,1
1785,1.781,1
1786,1.825,0
1787,1.789,0
1788,1.590,0
1789,1.494,1
1790,1.823,0
1791,1.111,0
1792,2.000,0
1793,1.833,0
1794,2.351,0
1795,1.551,0
1796,4.771,0
1797,2.414,0
1798,2.017,0
1799,1.000,0
1800,4.070,1
1801,1.800,0
1802,2.894,0
1803,1.000,0
1804,2.161,0
1805,2.284,0
1806,6.652,1
1807,3.857,1
1808,3.400,1
1809,2.520,1
1810,3.333,0
1811,2.000,0
1812,2.000,0
1813,7.550,1
1814,2.548,0
1815,3.065,1
1816,1.250,0
1817,1.000,0
1818,3.750,1
1819,1.000,0
1820,2.083,1
1821,2.714,0
1822,1.666,0
1823,19.260,1
1824,2.866,1
1825,2.333,0
1826,1.564,0
1827,3.000,0
1828,1.615,0
1829,1.679,0
1830,1.888,0
1831,2.447,0
1832,3.851,1
1833,3.115,1
1834,1.666,0
1835,1.461,0
1836,1.775,0
1837,1.000,0
1838,1.000,0
1839,5.792,1
1840,6.134,1
1841,2.333,0
1842,1.966,0
1843,2.000,1
1844,2.886,1
1845,3.418,1
1846,2.716,0
1847,2.632,1
1848,1.863,0
1849,1.888,0
1850,1.307,0
1851,2.336,1
1852,105.800,1
1853,2.333,0
1854,1.000,0
1855,1.955,0
1856,1.000,0
1857,5.114,1
1858,1.433,0
1859,2.225,0
1860,2.059,0
1861,4.500,1
1862,4.337,1
1863,1.250,0
1864,3.195,0
1865,2.666,0
1866,2.500,0
1867,1.962,0
1868,1.347,0
1869,3.322,1
1870,1.537,1
1871,1.000,0
1872,3.891,1
1873,2.161,0
1874,3.454,1
1875,5.567,1
1876,1.940,1
1877,1.283,1
1878,2.934,1
1879,2.724,0
1880,4.320,1
1881,2.623,1
1882,2.333,0
1883,2.593,0
1884,3.000,1
1885,2.777,1
1886,1.000,0
1887,6.333,0
1888,8.192,1
1889,1.758,0
1890,5.323,1
1891,1.833,0
1892,4.450,1
1893,5.960,1
1894,9.200,1
1895,1.000,0
1896,1.000,0
1897,1.714,0
1898,1.000,0
1899,1.259,0
1900,11.000,1
1901,1.806,0
1902,4.000,1
1903,1.787,0
1904,3.337,1
1905,1.515,0
1906,1.571,0
1907,9.052,1
1908,2.150,1
1909,5.633,0
1910,1.285,0
1911,1.666,0
1912,1.500,0
1913,5.793,1
1914,1.411,0
1915,5.607,1
1916,1.468,0
1917,1.000,0
1918,1.842,0
1919,1.466,0
1920,1.226,0
1921,2.090,0
1922,1.100,0
1923,2.000,1
1924,3.322,0
1925,16.418,1
1926,3.725,1
1927,2.280,0
1928,1.333,0
1929,2.000,0
1930,1.714,1
1931,10.036,0
1932,4.230,0
1933,3.500,1
1934,3.702,1
1935,2.161,0
1936,2.350,0
1937,3.446,1
1938,1.181,0
1939,3.541,0
1940,2.432,0
1941,2.652,1
1942,1.500,0
1943,2.695,0
1944,1.566,0
1945,2.326,1
1946,5.792,1
1947,6.294,1
1948,5.301,1
1949,2.833,0
1950,4.665,0
1951,2.677,0
1952,5.456,1
1953,1.785,0
1954,1.000,0
1955,1.100,1
1956,2.125,0
1957,5.454,1
1958,2.277,0
1959,1.727,0
1960,1.600,0
1961,1.777,0
1962,3.787,1
1963,8.761,0
1964,2.178,0
1965,3.037,0
1966,1.772,0
1967,2.285,0
1968,3.275,0
1969,1.818,0
1970,2.391,0
1971,1.714,0
1972,4.634,0
1973,2.689,1
1974,3.833,1
1975,2.777,1
1976,1.800,0
1977,8.161,1
1978,13.500,1
1979,1.117,1
1980,1.632,0
1981,3.697,1
1982,1.500,0
1983,2.258,0
1984,1.997,0
1985,3.280,1
1986,2.688,0
1987,1.600,1
1988,1.166,0
1989,1.983,0
1990,1.625,0
1991,4.333,1
1992,2.236,0
1993,2.556,0
1994,2.329,1
1995,9.100,1
1996,1.705,0
1997,2.676,1
1998,1.541,0
1999,1.000,0
2000,1.000,0
2001,1.085,0
2002,1.416,0
2003,1.666,0
2004,5.108,1
2005,1.000,0
2006,2.121,0
2007,1.800,0
2008,16.217,1
2009,4.596,1
2010,4.226,0
2011,2.466,1
2012,1.670,1
2013,8.523,1
2014,1.863,0
2015,8.000,1
2016,3.160,1
2017,1.600,0
2018,2.591,1
2019,7.588,0
2020,4.375,0
2021,1.380,0
2022,1.586,0
2023,1.538,0
2024,2.057,0
2025,2.166,0
2026,1.906,0
2027,6.518,1
2028,2.608,0
2029,13.562,0
2030,2.614,1
2031,2.969,0
2032,2.333,1
2033,5.415,1
2034,1.966,1
2035,1.695,0
2036,5.083,1
2037,2.037,0
2038,1.800,0
2039,1.166,0
2040,1.714,0
2041,3.389,1
2042,2.120,0
2043,5.175,1
2044,2.000,0
2045,1.461,0
2046,2.156,1
2047,2.000,0
2048,1.404,0
2049,3.111,1
2050,2.386,0
2051,1.794,0
2052,3.333,0
2053,2.658,0
2054,2.200,1
2055,7.464,0
2056,17.952,0
2057,2.260,1
2058,10.625,1
2059,3.242,0
2060,2.554,0
2061,1.800,0
2062,1.583,0
2063,2.555,1
2064,1.600,0
2065,1.263,0
2066,1.470,0
2067,5.778,1
2068,2.466,0
2069,1.064,1
2070,2.569,1
2071,1.181,1
2072,1.750,0
2073,239.571,1
2074,2.666,1
2075,1.222,0
2076,1.294,1
2077,1.409,0
2078,2.571,0
2079,1.000,0
2080,1.000,0
2081,6.789,1
2082,1.000,0
2083,1.636,0
2084,1.000,0
2085,1.540,1
2086,1.437,1
2087,2.326,0
2088,1.360,0
2089,2.878,1
2090,6.683,1
2091,2.571,1
2092,2.222,0
2093,1.222,0
2094,3.121,0
2095,1.800,0
2096,1.428,0
2097,4.807,0
2098,1.142,0
2099,1.652,0
2100,3.166,1
2101,1.918,0
2102,2.472,0
2103,1.000,0
2104,3.705,1
2105,3.000,0
2106,2.470,1
2107,1.729,1
2108,1.800,0
2109,2.692,1
2110,1.062,0
2111,2.714,0
2112,3.179,0
2113,4.770,1
2114,9.601,1
2115,4.689,1
2116,1.523,0
2117,1.500,0
2118,7.887,1
2119,1.647,0
2120,1.592,0
2121,2.593,1
2122,2.056,0
2123,2.285,0
2124,3.441,0
2125,5.070,0
2126,1.500,0
2127,1.000,0
2128,1.655,0
2129,1.641,0
2130,3.809,1
2131,3.400,1
2132,1.531,0
2133,1.666,0
2134,1.800,0
2135,2.333,0
2136,2.468,0
2137,2.000,1
2138,2.345,1
2139,1.333,1
2140,3.454,0
2141,1.866,0
2142,6.266,1
2143,1.000,0
2144,3.015,1
2145,1.000,0
2146,3.862,0
2147,1.500,1
2148,1.291,0
2149,1.222,0
2150,2.069,0
2151,3.519,1
2152,1.333,0
2153,1.423,1
2154,5.708,1
2155,1.388,1
2156,1.664,0
2157,3.461,0
2158,1.681,0
2159,2.973,1
2160,3.000,1
2161,1.000,0
2162,3.552,0
2163,11.735,1
2164,2.588,0
2165,3.706,1
2166,15.333,0
2167,1.000,0
2168,1.640,0
2169,1.000,0
2170,1.500,0
2171,2.342,0
2172,26.500,1
2173,3.382,1
2174,5.850,1
2175,1.494,1
2176,2.440,0
2177,1.166,0
2178,1.000,0
2179,3.125,0
2180,2.294,0
2181,1.728,1
2182,5.189,0
2183,1.000,0
2184,1.166,0
2185,2.444,1
2186,20.000,1
2187,1.400,0
2188,1.545,0
2189,7.512,1
2190,4.000,1
2191,1.727,0
2192,2.119,0
2193,3.286,1
2194,3.368,0
2195,3.076,1
2196,1.086,0
2197,3.133,0
2198,1.638,0
2199,1.848,0
2200,1.685,0
2201,1.000,0
2202,1.000,0
2203,1.200,0
2204,6.055,1
2205,69.727,1
2206,1.611,0
2207,1.688,1
2208,7.202,1
2209,5.274,1
2210,1.461,0
2211,2.259,0
2212,7.651,1
2213,2.604,0
2214,19.234,1
2215,3.976,1
2216,5.000,1
2217,4.160,1
2218,1.976,0
2219,1.263,0
2220,1.625,0
2221,2.470,1
2222,2.367,0
2223,4.181,1
2224,1.166,0
2225,1.800,0
2226,4.909,1
2227,19.482,1
2228,3.278,1
2229,2.590,0
2230,4.000,1
2231,1.797,0
2232,57.230,1
2233,9.781,1
2234,2.184,0
2235,2.600,1
2236,1.272,0
2237,4.195,1
2238,8.166,1
2239,13.820,1
2240,2.071,0
2241,1.666,1
2242,2.586,1
2243,1.792,0
2244,5.538,1
2245,2.481,0
2246,5.375,0
2247,1.857,0
2248,2.623,1
2249,3.052,0
2250,251.000,0
2251,1.000,0
2252,3.789,0
2253,1.428,0
2254,3.816,1
2255,1.666,0
2256,1.583,1
2257,1.866,0
2258,1.320,0
2259,1.696,0
2260,1.890,0
2261,2.807,1
2262,3.250,0
2263,2.847,1
2264,1.752,1
2265,6.652,1
2266,11.066,1
2267,1.461,0
2268,1.900,0
2269,2.496,0
2270,2.460,0
2271,2.282,0
2272,1.000,0
2273,2.892,0
2274,1.542,0
2275,1.571,0
2276,1.526,0
2277,1.000,1
2278,2.315,0
2279,1.500,0
2280,1.379,0
2281,2.285,0
2282,1.745,1
2283,13.235,1
2284,1.324,0
2285,7.000,0
2286,3.166,1
2287,2.210,0
2288,1.000,0
2289,3.875,1
2290,1.961,0
2291,3.509,1
2292,3.015,1
2293,2.333,1
2294,1.784,0
2295,1.937,1
2296,1.275,1
2297,2.417,1
2298,3.314,1
2299,1.533,0
2300,72.000,1
2301,1.823,1
2302,1.058,0
2303,4.319,1
2304,18.400,1
2305,1.535,0
2306,1.464,0
2307,1.000,0
2308,1.131,0
2309,5.918,1
2310,1.200,0
2311,1.979,0
2312,8.323,1
2313,17.952,0
2314,1.000,0
2315,4.533,0
2316,1.000,0
2317,3.851,1
2318,1.392,0
2319,1.455,0
2320,4.829,1
2321,12.904,1
2322,4.325,0
2323,3.401,1
2324,2.000,0
2325,3.153,0
2326,2.094,0
2327,5.196,0
2328,2.444,0
2329,4.947,1
2330,2.280,0
2331,2.506,0
2332,2.133,0
2333,1.729,0
2334,2.204,0
2335,2.000,0
2336,337.250,1
2337,1.827,0
2338,2.794,1
2339,1.133,0
2340,1.735,0
2341,14.818,1
2342,1.740,1
2343,2.215,0
2344,8.550,1
2345,2.000,0
2346,2.083,1
2347,2.928,0
2348,1.000,0
2349,1.000,0
2350,1.000,0
2351,1.750,0
2352,4.333,0
2353,1.476,0
2354,2.178,0
2355,1.166,0
2356,2.852,0
2357,10.068,1
2358,2.300,0
2359,8.972,1
2360,3.178,1
2361,2.318,0
2362,2.647,0
2363,3.637,0
2364,1.738,1
2365,2.500,0
2366,5.210,1
2367,2.293,0
2368,3.971,0
2369,2.200,1
2370,1.884,0
2371,1.857,0
2372,5.608,1
2373,10.159,1
2374,1.574,0
2375,2.973,1
2376,2.529,0
2377,2.373,1
2378,1.873,0
2379,5.985,1
2380,1.974,0
2381,1.125,0
2382,1.897,0
2383,2.130,1
2384,1.923,0
2385,3.333,1
2386,10.375,1
2387,5.538,1
2388,3.304,0
2389,3.215,1
2390,1.769,0
2391,1.911,0
2392,2.534,0
2393,1.000,0
2394,4.047,1
2395,3.716,1
2396,1.833,1
2397,1.000,0
2398,4.500,0
2399,4.308,0
2400,1.777,1
2401,2.441,1
2402,1.120,0
2403,3.932,1
2404,1.829,1
2405,2.187,0
2406,1.000,0
2407,2.230,1
2408,4.230,1
2409,6.233,1
2410,2.000,0
2411,4.022,1
2412,3.106,1
2413,4.928,1
2414,3.782,1
2415,1.000,0
2416,1.000,1
2417,3.837,1
2418,1.114,0
2419,2.000,1
2420,1.500,0
2421,4.438,0
2422,1.250,0
2423,1.820,1
2424,2.309,1
2425,1.000,0
2426,1.972,1
2427,4.228,0
2428,1.285,0
2429,7.561,1
2430,4.512,1
2431,2.050,1
2432,1.142,0
2433,1.372,1
2434,2.802,1
2435,4.160,1
2436,1.000,0
2437,3.973,0
2438,1.494,1
2439,2.016,0
2440,1.000,0
2441,4.945,1
2442,1.560,0
2443,2.576,1
2444,1.386,0
2445,2.747,0
2446,1.318,0
2447,1.000,0
2448,1.220,0
2449,2.025,0
2450,7.205,1
2451,17.074,1
2452,2.725,0
2453,1.095,1
2454,2.440,1
2455,2.576,1
2456,1.131,0
2457,4.446,0
2458,4.275,0
2459,7.178,1
2460,1.800,0
2461,1.250,0
2462,5.695,0
2463,3.291,0
2464,2.810,1
2465,2.922,1
2466,2.269,1
2467,1.857,0
2468,8.550,1
2469,2.368,0
2470,1.518,0
2471,3.965,1
2472,1.505,0
2473,1.160,0
2474,1.375,0
2475,1.692,0
2476,2.156,0
2477,1.335,1
2478,5.428,1
2479,2.220,1
2480,5.607,1
2481,1.210,1
2482,2.695,1
2483,1.692,0
2484,2.604,0
2485,2.132,1
2486,3.168,1
2487,1.111,0
2488,1.750,0
2489,2.000,0
2490,2.595,0
2491,4.180,1
2492,2.600,1
2493,1.250,0
2494,9.560,1
2495,5.000,1
2496,1.843,0
2497,1.833,0
2498,1.790,0
2499,3.937,1
2500,1.380,0
2501,12.430,0
2502,2.204,0
2503,14.283,1
2504,4.722,1
2505,2.000,1
2506,1.250,0
2507,2.165,0
2508,6.770,1
2509,1.800,0
2510,3.888,0
2511,2.216,0
2512,1.000,0
2513,7.857,1
2514,6.266,1
2515,1.000,0
2516,1.938,1
2517,1.600,0
2518,2.797,0
2519,3.807,1
2520,1.482,0
2521,1.444,0
2522,4.211,0
2523,3.168,1
2524,3.166,1
2525,1.651,0
2526,1.000,0
2527,1.564,0
2528,1.800,0
2529,1.967,0
2530,1.307,1
2531,7.180,1
2532,4.215,1
2533,1.983,0
2534,1.870,0
2535,2.360,1
2536,2.108,0
2537,1.000,0
2538,3.950,1
2539,1.500,0
2540,1.836,0
2541,1.000,0
2542,1.000,0
2543,2.666,0
2544,11.687,0
2545,1.000,0
2546,2.472,1
2547,2.222,1
2548,1.000,0
2549,1.451,0
2550,10.372,1
2551,3.280,1
2552,2.101,0
2553,1.100,0
2554,1.592,0
2555,1.895,1
2556,2.363,1
2557,2.000,0
2558,2.450,0
2559,4.123,1
2560,1.166,0
2561,3.041,0
2562,2.934,1
2563,1.285,0
2564,4.971,0
2565,5.328,1
2566,1.812,0
2567,1.000,0
2568,1.000,0
2569,1.780,0
2570,2.520,0
2571,16.826,1
2572,1.433,0
2573,1.647,0
2574,4.225,1
2575,2.068,0
2576,26.405,1
2577,3.794,1
2578,1.000,0
2579,6.266,1
2580,5.038,1
2581,1.837,0
2582,1.000,0
2583,4.555,1
2584,1.800,0
2585,1.712,0
2586,2.090,1
2587,1.414,0
2588,3.390,1
2589,3.100,0
2590,1.214,0
2591,1.142,0
2592,7.478,1
2593,2.972,0
2594,10.692,1
2595,1.000,0
2596,3.482,0
2597,3.964,1
2598,18.000,0
2599,2.272,0
2600,3.888,0
2601,1.000,0
2602,3.178,0
2603,2.621,0
2604,2.403,1
2605,7.258,1
2606,1.206,1
2607,1.608,0
2608,1.760,0
2609,5.236,1
2610,1.000,0
2611,1.979,0
2612,1.375,1
2613,3.340,0
2614,86.650,1
2615,2.962,0
2616,1.610,0
2617,1.066,0
2618,1.617,1
2619,2.776,0
2620,2.470,1
2621,1.000,0
2622,1.000,0
2623,6.404,1
2624,1.000,0
2625,3.222,0
2626,1.600,0
2627,3.800,1
2628,1.742,0
2629,1.000,0
2630,2.085,0
2631,2.349,1
2632,1.518,1
2633,2.250,1
2634,1.915,1
2635,1.266,1
2636,1.768,0
2637,7.497,1
2638,1.750,0
2639,1.000,0
2640,2.538,0
2641,1.341,0
2642,1.429,0
2643,3.921,1
2644,4.818,1
2645,1.000,0
2646,1.800,1
2647,4.000,1
2648,3.250,0
2649,1.425,0
2650,2.227,0
2651,2.666,1
2652,4.652,1
2653,1.419,1
2654,1.770,0
2655,2.923,1
2656,2.038,0
2657,1.974,0
2658,2.068,0
2659,1.800,0
2660,1.222,0
2661,2.100,0
2662,3.627,0
2663,4.666,0
2664,4.341,0
2665,5.659,1
2666,1.866,0
2667,2.187,0
2668,1.428,0
2669,1.931,0
2670,1.578,0
2671,3.809,1
2672,3.509,1
2673,2.336,1
2674,1.000,0
2675,1.857,0
2676,2.508,0
2677,2.166,0
2678,13.820,1
2679,3.259,1
2680,1.533,0
2681,4.137,1
2682,1.482,0
2683,2.000,0
2684,1.494,1
2685,1.666,1
2686,6.364,1
2687,2.201,0
2688,1.480,1
2689,5.888,0
2690,3.772,0
2691,2.376,1
2692,5.454,1
2693,3.317,0
2694,2.442,0
2695,1.423,1
2696,1.000,0
2697,2.321,0
2698,8.550,1
2699,3.849,1
2700,2.350,1
2701,2.333,0
2702,1.411,0
2703,7.277,1
2704,1.214,0
2705,1.000,0
2706,3.173,0
2707,1.125,0
2708,2.000,0
2709,2.110,1
2710,2.222,0
2711,5.558,1
2712,1.137,0
2713,2.230,0
2714,2.960,1
2715,1.000,0
2716,2.000,0
2717,1.200,0
2718,14.580,1
2719,5.114,1
2720,1.125,0
2721,3.401,1
2722,2.117,0
2723,173.000,1
2724,1.688,1
2725,1.000,0
2726,1.080,0
2727,2.145,0
2728,1.000,0
2729,1.000,0
2730,1.111,0
2731,2.153,1
2732,1.588,0
2733,5.787,1
2734,2.666,0
2735,1.000,0
2736,4.892,1
2737,2.825,1
2738,13.333,0
2739,2.166,0
2740,4.391,1
2741,2.438,1
2742,1.800,0
2743,2.313,0
2744,1.000,0
2745,2.425,0
2746,1.800,0
2747,2.112,0
2748,1.666,1
2749,3.904,0
2750,10.578,1
2751,1.333,1
2752,3.890,1
2753,3.317,1
2754,1.000,0
2755,2.950,1
2756,1.000,0
2757,2.542,0
2758,6.423,0
2759,1.384,0
2760,6.186,0
2761,3.613,1
2762,2.000,0
2763,4.512,1
2764,18.000,0
2765,2.853,0
2766,8.500,1
2767,5.038,1
2768,2.917,1
2769,1.000,0
2770,4.608,0
2771,2.813,1
2772,2.333,1
2773,1.000,0
2774,3.200,1
2775,1.684,0
2776,3.184,1
2777,1.375,0
2778,4.160,1
2779,10.409,0
2780,2.000,0
2781,1.333,0
2782,3.968,0
2783,3.626,1
2784,9.640,1
2785,1.250,0
2786,2.394,0
2787,1.500,0
2788,5.888,0
2789,2.142,0
2790,1.300,0
2791,6.937,1
2792,2.604,1
2793,4.273,1
2794,2.818,1
2795,1.458,0
2796,3.333,1
2797,2.250,1
2798,3.545,1
2799,7.300,1
2800,1.853,0
2801,1.000,0
2802,1.000,0
2803,2.850,0
2804,3.689,1
2805,4.295,1
2806,1.962,0
2807,1.870,0
2808,5.016,0
2809,1.826,1
2810,86.700,1
2811,2.350,1
2812,2.701,0
2813,3.600,0
2814,1.510,0
2815,1.616,0
2816,1.961,1
2817,1.500,0
2818,2.136,0
2819,1.500,0
2820,5.000,0
2821,5.500,0
2822,3.989,0
2823,6.091,1
2824,18.000,0
2825,2.587,0
2826,1.698,0
2827,1.903,0
2828,1.600,0
2829,1.333,0
2830,1.300,0
2831,6.823,0
2832,2.738,0
2833,1.541,0
2834,1.000,0
2835,1.700,1
2836,8.550,1
2837,1.687,0
2838,2.548,1
2839,2.324,1
2840,32.142,1
2841,2.634,0
2842,8.445,1
2843,2.125,0
2844,1.666,0
2845,2.450,0
2846,3.125,0
2847,3.333,0
2848,4.000,0
2849,6.800,1
2850,1.843,0
2851,1.000,0
2852,3.697,1
2853,1.477,1
2854,3.697,1
2855,1.047,0
2856,1.000,0
2857,1.000,0
2858,8.375,1
2859,2.492,1
2860,2.482,0
2861,2.900,1
2862,2.451,0
2863,2.733,0
2864,4.368,0
2865,1.384,0
2866,2.224,0
2867,9.269,1
2868,2.000,0
2869,3.122,0
2870,1.000,0
2871,1.285,0
2872,3.000,0
2873,2.300,1
2874,1.769,0
2875,2.000,0
2876,2.455,1
2877,8.517,1
2878,6.584,1
2879,2.255,0
2880,2.473,0
2881,4.792,1
2882,2.200,0
2883,1.285,1
2884,2.000,0
2885,9.100,1
2886,2.034,0
2887,3.125,0
2888,6.395,1
2889,3.230,1
2890,1.166,0
2891,3.816,1
2892,1.597,1
2893,1.800,0
2894,1.913,0
2895,1.142,0
2896,1.047,0
2897,2.826,0
2898,2.473,0
2899,3.428,1
2900,2.818,0
2901,1.206,0
2902,1.250,0
2903,2.238,0
2904,4.113,0
2905,1.000,0
2906,1.437,0
2907,1.840,0
2908,8.207,1
2909,1.980,1
2910,1.292,0
2911,1.600,1
2912,21.428,1
2913,2.777,1
2914,3.414,1
2915,2.531,1
2916,1.153,1
2917,4.200,1
2918,3.103,0
2919,3.086,0
2920,2.068,0
2921,2.161,0
2922,2.888,0
2923,1.000,0
2924,5.335,1
2925,9.266,1
2926,57.076,1
2927,589.000,1
2928,8.777,1
2929,2.342,0
2930,2.238,0
2931,1.545,0
2932,2.895,0
2933,2.160,0
2934,3.272,1
2935,4.911,1
2936,8.781,1
2937,2.441,1
2938,1.891,1
2939,1.800,0
2940,3.607,1
2941,1.333,0
2942,2.166,0
2943,5.291,0
2944,2.575,0
2945,5.216,1
2946,3.682,0
2947,4.157,1
2948,5.331,0
2949,2.555,0
2950,3.363,1
2951,2.230,0
2952,1.214,0
2953,1.000,0
2954,2.674,0
2955,1.945,0
2956,1.940,1
2957,1.571,0
2958,1.600,0
2959,3.547,0
2960,2.059,0
2961,2.105,0
2962,1.792,0
2963,2.750,0
2964,3.923,0
2965,8.550,1
2966,3.439,1
2967,2.361,0
2968,3.400,0
2969,1.000,0
2970,3.390,1
2971,1.000,0
2972,5.130,1
2973,1.973,0
2974,1.813,0
2975,1.818,1
2976,2.333,0
2977,1.720,0
2978,2.000,0
2979,2.000,0
2980,2.266,0
2981,1.642,0
2982,6.096,0
2983,107.400,1
2984,2.125,0
2985,18.370,1
2986,1.142,0
2987,4.913,1
2988,2.217,1
2989,1.727,0
2990,7.300,1
2991,3.105,1
2992,2.441,1
2993,3.714,0
2994,2.686,1
2995,4.093,0
2996,4.466,1
2997,3.369,0
2998,3.591,1
2999,2.150,0
3000,2.050,0
3001,3.521,1
3002,1.714,0
3003,3.333,0
3004,1.600,0
3005,1.515,1
3006,1.800,0
3007,5.928,1
3008,1.790,0
3009,2.016,0
3010,3.983,0
3011,2.391,0
3012,1.574,0
3013,3.230,1
3014,2.440,0
3015,3.121,1
3016,1.000,0
3017,4.754,1
3018,4.066,1
3019,4.493,1
3020,1.676,1
3021,1.741,1
3022,1.000,0
3023,2.250,0
3024,3.000,1
3025,1.766,1
3026,16.826,1
3027,1.673,0
3028,3.199,1
3029,5.241,1
3030,1.838,0
3031,1.969,0
3032,1.142,0
3033,5.709,1
3034,2.341,0
3035,4.735,1
3036,1.952,0
3037,1.000,0
3038,1.600,0
3039,2.673,0
3040,2.444,1
3041,8.666,1
3042,1.576,0
3043,2.383,1
3044,3.617,0
3045,1.409,0
3046,1.800,0
3047,3.587,0
3048,3.184,1
3049,2.955,1
3050,1.754,0
3051,1.233,0
3052,2.283,1
3053,2.790,0
3054,3.304,0
3055,2.333,0
3056,2.000,0
3057,2.450,0
3058,2.750,1
3059,2.468,0
3060,2.156,0
3061,3.372,0
3062,14.619,1
3063,3.809,1
3064,1.275,0
3065,1.666,0
3066,2.950,0
3067,7.416,0
3068,1.000,0
3069,1.000,0
3070,1.611,0
3071,3.500,0
3072,1.387,0
3073,12.064,1
3074,1.727,1
3075,2.848,0
3076,2.074,1
3077,1.745,0
3078,1.111,0
3079,1.641,0
3080,1.000,0
3081,5.872,1
3082,1.785,0
3083,1.580,0
3084,4.791,0
3085,1.750,0
3086,3.000,0
3087,1.276,0
3088,2.953,0
3089,3.922,1
3090,2.638,0
3091,1.055,1
3092,1.500,0
3093,1.393,0
3094,2.021,1
3095,2.375,1
3096,3.979,1
3097,1.760,0
3098,1.068,0
3099,2.500,0
3100,2.779,1
3101,4.122,0
3102,4.000,1
3103,1.617,0
3104,1.777,0
3105,1.000,0
3106,1.569,0
3107,5.428,1
3108,2.600,0
3109,1.104,0
3110,2.531,0
3111,2.034,0
3112,1.833,0
3113,1.750,0
3114,5.610,0
3115,1.669,0
3116,10.000,0
3117,2.058,0
3118,2.944,1
3119,2.101,1
3120,1.912,0
3121,3.564,1
3122,5.582,1
3123,1.000,1
3124,6.110,1
3125,2.352,0
3126,1.285,0
3127,5.328,1
3128,1.000,0
3129,1.000,0
3130,1.687,0
3131,1.250,0
3132,2.519,0
3133,5.500,0
3134,1.363,0
3135,1.784,0
3136,3.702,1
3137,2.769,1
3138,1.203,0
3139,4.319,1
3140,2.239,0
3141,2.588,0
3142,2.900,1
3143,2.517,1
3144,2.166,0
3145,5.870,1
3146,1.153,0
3147,2.653,0
3148,50.000,0
3149,1.000,0
3150,4.281,1
3151,4.070,1
3152,2.833,0
3153,3.384,1
3154,1.300,0
3155,1.842,0
3156,3.333,0
3157,4.350,1
3158,1.000,0
3159,4.128,0
3160,1.717,0
3161,4.277,1
3162,2.487,0
3163,9.500,1
3164,16.304,1
3165,2.464,0
3166,1.725,0
3167,1.661,1
3168,1.489,0
3169,4.551,1
3170,2.322,1
3171,4.947,1
3172,1.279,0
3173,3.189,0
3174,6.510,0
3175,5.754,0
3176,1.531,1
3177,4.024,1
3178,1.823,0
3179,6.125,1
3180,5.555,0
3181,3.545,1
3182,5.683,1
3183,2.232,0
3184,1.115,0
3185,1.785,0
3186,2.179,1
3187,4.411,0
3188,4.020,1
3189,1.775,1
3190,2.692,0
3191,2.343,0
3192,6.813,1
3193,10.366,1
3194,1.615,0
3195,2.916,0
3196,5.403,1
3197,2.016,1
3198,1.769,0
3199,2.302,1
3200,1.320,1
3201,5.759,1
3202,3.361,1
3203,3.475,0
3204,5.886,1
3205,4.818,1
3206,6.166,1
3207,25.812,0
3208,1.978,0
3209,3.281,1
3210,1.410,0
3211,2.428,1
3212,2.090,1
3213,1.523,0
3214,3.214,0
3215,2.352,0
3216,4.230,1
3217,1.140,0
3218,7.550,1
3219,4.171,1
3220,2.587,0
3221,2.379,1
3222,3.478,0
3223,2.257,1
3224,3.995,0
3225,57.230,1
3226,2.315,1
3227,1.530,1
3228,1.256,0
3229,3.897,1
3230,1.000,0
3231,11.592,1
3232,29.125,1
3233,1.948,0
3234,1.986,0
3235,3.584,1
3236,1.466,0
3237,2.500,1
3238,1.466,0
3239,1.531,0
3240,2.351,1
3241,2.413,0
3242,5.019,1
3243,1.292,0
3244,1.800,0
3245,3.555,0
3246,1.722,0
3247,1021.500,1
3248,3.225,0
3249,1.148,0
3250,2.811,1
3251,1.111,0
3252,4.130,0
3253,2.080,1
3254,9.125,0
3255,2.000,1
3256,3.117,0
3257,1.586,0
3258,2.122,1
3259,7.439,1
3260,1.450,0
3261,1.000,0
3262,1.131,1
3263,2.610,1
3264,1.372,1
3265,3.888,0
3266,2.045,0
3267,1.000,0
3268,5.681,1
3269,1.600,0
3270,4.857,1
3271,12.148,1
3272,1.000,0
3273,3.625,0
3274,2.967,0
3275,7.484,1
3276,1.000,0
3277,2.619,0
3278,1.000,0
3279,1.375,0
3280,1.468,1
3281,2.666,0
3282,3.254,1
3283,2.461,0
3284,1.250,0
3285,3.800,0
3286,2.236,0
3287,3.771,1
3288,3.075,1
3289,2.900,1
3290,3.149,0
3291,5.241,1
3292,1.250,0
3293,5.551,1
3294,1.187,0
3295,2.486,0
3296,2.625,0
3297,1.000,0
3298,2.651,1
3299,7.202,1
3300,2.250,1
3301,3.950,1
3302,1.714,0
3303,2.823,1
3304,2.263,1
3305,10.692,1
3306,1.218,0
3307,3.521,1
3308,1.595,0
3309,1.700,0
3310,2.241,0
3311,1.366,0
3312,1.225,0
3313,1.531,0
3314,3.529,1
3315,2.714,0
3316,2.076,0
3317,1.166,0
3318,57.230,1
3319,1.241,0
3320,1.833,0
3321,2.000,0
3322,2.488,0
3323,3.500,0
3324,1.857,0
3325,2.076,0
3326,2.333,1
3327,3.731,0
3328,2.607,0
3329,1.000,0
3330,1.181,0
3331,2.918,0
3332,1.752,1
3333,1.333,0
3334,2.306,0
3335,5.687,1
3336,3.675,1
3337,2.000,0
3338,2.241,0
3339,4.360,0
3340,4.818,1
3341,8.080,1
3342,6.896,1
3343,1.956,1
3344,2.277,0
3345,1.000,0
3346,1.133,0
3347,1.000,0
3348,2.128,0
3349,1.677,0
3350,1.533,0
3351,2.347,0
3352,1.508,0
3353,3.125,1
3354,7.025,1
3355,2.000,0
3356,1.666,0
3357,10.125,1
3358,1.486,0
3359,4.398,1
3360,4.500,1
3361,1.125,0
3362,1.000,0
3363,1.666,1
3364,2.432,0
3365,1.000,0
3366,1.314,0
3367,1.592,0
3368,1.238,1
3369,4.896,1
3370,1.968,1
3371,1.454,0
3372,1.250,1
3373,13.266,1
3374,1.545,0
3375,1.686,0
3376,2.636,0
3377,16.644,1
3378,3.115,1
3379,2.878,1
3380,1.000,0
3381,2.555,0
3382,1.000,1
3383,5.872,1
3384,6.666,0
3385,2.400,0
3386,2.441,1
3387,2.300,1
3388,3.315,0
3389,1.373,1
3390,1.000,0
3391,2.296,0
3392,1.750,0
3393,10.012,0
3394,1.666,0
3395,2.090,0
3396,1.689,0
3397,2.607,0
3398,1.000,0
3399,4.117,0
3400,3.816,1
3401,1.000,0
3402,2.358,1
3403,3.222,0
3404,6.274,1
3405,4.438,0
3406,11.242,1
3407,2.351,1
3408,2.944,0
3409,1.636,0
3410,2.200,0
3411,1.354,0
3412,1.607,0
3413,1.636,0
3414,2.717,1
3415,1.000,0
3416,4.090,1
3417,3.048,1
3418,2.667,0
3419,1.565,0
3420,1.454,0
3421,3.163,1
3422,5.515,0
3423,1.736,1
3424,1.000,0
3425,1.416,0
3426,2.307,0
3427,2.021,1
3428,10.117,1
3429,3.168,1
3430,2.754,0
3431,4.285,1
3432,1.800,0
3433,15.892,1
3434,2.142,0
3435,4.974,1
3436,1.949,0
3437,5.888,0
3438,2.681,1
3439,2.324,0
3440,1.000,0
3441,2.565,1
3442,2.058,1
3443,1.000,0
3444,1.166,0
3445,3.187,0
3446,1.529,0
3447,1.904,0
3448,3.343,1
3449,1.850,0
3450,1.142,0
3451,1.875,0
3452,2.000,0
3453,1.391,0
3454,1.181,0
3455,5.648,1
3456,1.901,0
3457,1.523,0
3458,1.775,1
3459,1.687,0
3460,2.097,0
3461,2.695,1
3462,6.652,1
3463,2.064,0
3464,4.800,0
3465,1.230,0
3466,8.083,1
3467,1.482,0
3468,2.842,1
3469,1.250,0
3470,2.351,0
3471,6.758,1
3472,1.488,0
3473,3.728,1
3474,1.560,0
3475,7.484,1
3476,2.022,0
3477,4.066,1
3478,4.700,0
3479,2.350,0
3480,1.000,0
3481,5.111,0
3482,2.448,1
3483,2.589,0
3484,1.379,0
3485,2.829,0
3486,3.732,0
3487,1.227,1
3488,5.200,0
3489,1.533,0
3490,2.333,0
3491,1.000,0
3492,1.000,0
3493,1.292,0
3494,2.275,0
3495,2.000,0
3496,1.000,0
3497,1.936,0
3498,1.829,0
3499,1.000,0
3500,1.166,0
3501,1.601,0
3502,3.298,0
3503,3.537,1
3504,3.000,1
3505,3.697,1
3506,3.318,1
3507,2.250,0
3508,3.833,1
3509,7.180,1
3510,1.300,0
3511,2.565,0
3512,1.000,0
3513,1.166,0
3514,16.782,1
3515,2.588,1
3516,2.166,0
3517,1.000,0
3518,5.888,0
3519,3.285,0
3520,1.722,0
3521,9.290,1
3522,9.876,0
3523,1.494,1
3524,6.588,1
3525,1.000,0
3526,5.423,1
3527,2.044,1
3528,22.714,1
3529,1.416,0
3530,1.722,0
3531,1.545,1
3532,1.861,1
3533,3.761,1
3534,14.406,1
3535,3.219,1
3536,3.305,1
3537,9.250,1
3538,2.512,1
3539,7.181,1
3540,1.765,0
3541,1.227,0
3542,3.086,0
3543,1.682,1
3544,1.792,1
3545,1.187,0
3546,2.705,0
3547,2.666,1
3548,6.526,0
3549,7.240,1
3550,4.906,1
3551,1.932,1
3552,3.333,0
3553,2.755,1
3554,8.550,1
3555,1.000,0
3556,5.130,1
3557,1.000,0
3558,1.333,0
3559,2.315,0
3560,1.187,0
3561,2.041,1
3562,2.147,0
3563,2.720,0
3564,1.459,0
3565,2.000,0
3566,1.176,0
3567,3.217,1
3568,1.231,0
3569,3.285,1
3570,1.290,0
3571,1.392,1
3572,1.000,0
3573,1.333,1
3574,2.300,0
3575,2.883,0
3576,1.750,0
3577,5.833,1
3578,1.677,0
3579,1.300,0
3580,3.975,1
3581,5.020,1
3582,1.800,0
3583,2.024,0
3584,1.454,0
3585,2.078,0
3586,6.722,1
3587,1.000,0
3588,3.884,1
3589,1.446,0
3590,2.880,0
3591,1.000,0
3592,1.000,0
3593,1.000,0
3594,6.652,1
3595,1.946,1
3596,1.000,0
3597,3.214,1
3598,2.857,1
3599,2.160,0
3600,3.500,1
3601,1.565,0
3602,2.142,0
3603,4.840,1
3604,2.125,0
3605,2.450,1
3606,1.000,0
3607,2.277,0
3608,1.588,0
3609,3.000,1
3610,3.055,0
3611,1.000,0
3612,2.166,1
3613,4.881,1
3614,2.643,0
3615,4.071,1
3616,3.800,1
3617,2.658,0
3618,1.826,0
3619,2.195,1
3620,5.228,1
3621,2.137,0
3622,2.053,0
3623,2.941,0
3624,1.500,0
3625,5.200,1
3626,1.360,0
3627,2.891,0
3628,2.607,0
3629,1.000,0
3630,2.574,0
3631,1.536,0
3632,2.000,1
3633,1.250,0
3634,1.758,0
3635,8.181,1
3636,2.309,0
3637,2.125,0
3638,1.000,0
3639,1.156,0
3640,2.195,1
3641,1.228,0
3642,1.000,0
3643,1.272,0
3644,1.000,0
3645,1.000,0
3646,1.870,0
3647,2.735,0
3648,2.500,0
3649,2.610,0
3650,3.685,0
3651,2.870,0
3652,6.912,0
3653,2.018,0
3654,2.346,1
3655,4.225,1
3656,1.440,1
3657,3.186,1
3658,3.112,1
3659,1.000,0
3660,20.000,1
3661,1.483,0
3662,2.848,0
3663,1.000,0
3664,1.687,0
3665,3.151,0
3666,2.329,1
3667,2.526,0
3668,1.000,0
3669,7.000,1
3670,2.271,1
3671,2.292,0
3672,7.121,1
3673,2.227,1
3674,1.500,0
3675,2.277,0
3676,3.000,1
3677,7.000,0
3678,4.060,0
3679,3.596,0
3680,2.170,1
3681,1.333,0
3682,3.417,1
3683,2.446,1
3684,2.058,1
3685,1.494,1
3686,3.871,1
3687,3.901,0
3688,1.785,0
3689,3.212,0
3690,3.090,0
3691,2.840,0
3692,1.660,0
3693,1.857,0
3694,10.068,1
3695,1.000,0
3696,1.711,0
3697,2.333,0
3698,1.023,1
3699,3.768,1
3700,5.760,1
3701,1.545,0
3702,5.428,1
3703,4.586,1
3704,2.203,0
3705,5.500,1
3706,1.200,1
3707,1.750,0
3708,2.766,0
3709,2.500,0
3710,1.456,1
3711,1.200,0
3712,2.000,0
3713,5.431,1
3714,2.170,1
3715,1.947,0
3716,15.500,1
3717,1.424,0
3718,1.494,1
3719,1.470,0
3720,2.428,1
3721,1.372,0
3722,1.666,0
3723,1.214,0
3724,2.705,1
3725,3.875,0
3726,10.692,1
3727,1.786,0
3728,3.250,0
3729,4.030,0
3730,1.428,1
3731,1.271,0
3732,2.307,1
3733,1.447,1
3734,1.250,0
3735,3.179,1
3736,1.483,0
3737,1.000,0
3738,5.800,1
3739,2.294,0
3740,1.897,0
3741,2.555,1
3742,2.426,0
3743,1.000,0
3744,2.500,0
3745,2.500,0
3746,4.000,0
3747,4.296,0
3748,1.083,0
3749,2.500,0
3750,1.407,0
3751,7.166,1
3752,7.497,1
3753,1.605,0
3754,2.652,0
3755,2.551,1
3756,2.904,0
3757,1.484,0
3758,2.023,0
3759,1.969,1
3760,5.074,1
3761,3.745,1
3762,2.800,0
3763,1.400,0
3764,1.035,0
3765,1.944,0
3766,2.246,0
3767,1.764,1
3768,1.476,0
3769,3.707,1
3770,2.826,1
3771,1.000,0
3772,1.142,0
3773,2.516,1
3774,2.970,0
3775,4.630,1
3776,1.426,0
3777,2.824,0
3778,2.225,0
3779,2.031,0
3780,11.463,1
3781,1.000,0
3782,2.562,1
3783,1.000,0
3784,2.925,0
3785,2.533,0
3786,1.685,0
3787,6.171,1
3788,3.137,0
3789,1.000,0
3790,4.835,1
3791,7.092,1
3792,2.073,1
3793,1.388,0
3794,1.666,0
3795,20.432,1
3796,1.826,0
3797,6.932,1
3798,3.900,0
3799,3.502,1
3800,5.328,1
3801,2.611,1
3802,1.800,0
3803,2.325,1
3804,10.533,1
3805,1.875,0
3806,3.205,0
3807,92.333,1
3808,1.350,0
3809,1.848,0
3810,4.761,1
3811,1.666,0
3812,1.761,0
3813,3.425,0
3814,1.555,0
3815,3.800,1
3816,3.377,0
3817,6.652,1
3818,1.125,0
3819,1.200,0
3820,5.145,1
3821,6.047,1
3822,1.666,0
3823,4.875,1
3824,4.858,0
3825,1.000,0
3826,1.250,0
3827,1.000,0
3828,3.125,0
3829,62.500,1
3830,3.922,1
3831,1.444,0
3832,5.714,1
3833,3.007,0
3834,2.721,0
3835,57.076,1
3836,1.578,0
3837,4.742,1
3838,3.173,1
3839,5.549,1
3840,1.000,0
3841,7.369,1
3842,1.962,0
3843,2.351,1
3844,3.631,0
3845,1.142,0
3846,1.000,0
3847,1.472,0
3848,3.681,1
3849,4.850,1
3850,7.326,0
3851,1.133,0
3852,1.913,0
3853,2.000,0
3854,16.304,1
3855,2.827,0
3856,6.693,1
3857,4.490,1
3858,1.333,1
3859,2.232,1
3860,3.379,0
3861,1.000,0
3862,1.200,1
3863,1.125,0
3864,2.847,0
3865,1.342,0
3866,2.533,0
3867,2.816,0
3868,1.740,0
3869,9.186,1
3870,5.166,1
3871,1.864,0
3872,1.687,0
3873,4.571,0
3874,1.000,1
3875,1.428,0
3876,2.132,1
3877,2.121,0
3878,4.152,1
3879,3.030,0
3880,2.278,0
3881,1.577,0
3882,4.163,1
3883,2.247,0
3884,2.533,0
3885,3.066,0
3886,2.080,1
3887,2.227,0
3888,3.846,1
3889,7.820,1
3890,1.838,1
3891,5.555,1
3892,9.250,1
3893,1.867,0
3894,13.884,1
3895,2.095,1
3896,2.510,0
3897,1.666,0
3898,2.953,1
3899,1.934,0
3900,1.842,0
3901,2.592,1
3902,1.772,0
3903,2.686,0
3904,9.821,1
3905,3.029,1
3906,2.000,0
3907,1.470,0
3908,1.340,0
3909,1.454,0
3910,1.963,0
3911,4.833,1
3912,6.822,0
3913,2.367,0
3914,2.000,0
3915,4.500,1
3916,4.153,1
3917,1.000,0
3918,2.052,0
3919,3.555,0
3920,3.333,0
3921,5.488,1
3922,1.000,0
3923,140.000,1
3924,2.000,1
3925,1.000,0
3926,2.197,0
3927,1.909,0
3928,1.613,0
3929,2.454,0
3930,8.586,1
3931,1.000,0
3932,4.022,1
3933,4.666,0
3934,3.277,0
3935,1.916,1
3936,1.225,0
3937,4.333,1
3938,1.800,0
3939,1.000,0
3940,1.000,0
3941,3.333,0
3942,1.800,0
3943,8.000,1
3944,3.571,1
3945,2.368,1
3946,1.000,0
3947,1.903,0
3948,2.272,0
3949,4.818,1
3950,1.250,0
3951,3.176,1
3952,3.625,1
3953,2.431,0
3954,3.407,0
3955,1.251,1
3956,4.026,0
3957,1.379,1
3958,1.800,0
3959,4.576,1
3960,1.000,0
3961,3.500,0
3962,2.409,1
3963,1.750,0
3964,3.080,0
3965,1.083,1
3966,4.906,1
3967,6.758,1
3968,2.400,1
3969,2.047,0
3970,4.892,1
3971,4.745,1
3972,4.771,0
3973,3.774,1
3974,1.555,0
3975,3.715,0
3976,3.639,1
3977,1.000,0
3978,1.988,0
3979,18.400,1
3980,2.232,1
3981,1.763,0
3982,2.000,0
3983,1.444,0
3984,3.333,0
3985,8.021,0
3986,4.050,0
3987,1.103,1
3988,3.666,1
3989,2.754,0
3990,1.736,0
3991,1.100,0
3992,1.727,0
3993,7.054,1
3994,1.411,0
3995,4.368,0
3996,7.400,1
3997,2.642,0
3998,1.444,0
3999,5.558,1
4000,8.271,1
4001,1.192,0
4002,7.478,1
4003,10.877,1
4004,1.285,0
4005,2.084,0
4006,6.091,1
4007,1.871,0
4008,1.705,0
4009,2.272,0
4010,3.558,1
4011,1.142,0
4012,1.966,1
4013,2.015,1
4014,3.338,1
4015,58.705,1
4016,1.352,0
4017,2.902,0
4018,1.666,0
4019,2.666,0
4020,1.000,0
4021,6.152,1
4022,2.885,0
4023,1.272,0
4024,6.137,1
4025,4.000,1
4026,5.113,1
4027,1.204,1
4028,2.500,0
4029,3.714,0
4030,3.850,1
4031,1.264,0
4032,14.619,1
4033,3.364,0
4034,1.263,1
4035,1.461,0
4036,5.135,1
4037,3.166,0
4038,2.740,0
4039,3.677,0
4040,2.285,0
4041,1.204,0
4042,1.115,0
4043,1.333,0
4044,2.500,0
4045,1.800,0
4046,1.209,1
4047,2.600,0
4048,3.554,1
4049,3.455,0
4050,3.500,1
4051,2.182,0
4052,2.071,0
4053,2.900,1
4054,2.090,0
4055,2.304,0
4056,3.000,1
4057,1.375,0
4058,2.350,0
4059,9.652,1
4060,1.000,0
4061,5.132,1
4062,3.537,1
4063,2.074,0
4064,2.736,1
4065,1.727,0
4066,2.050,0
4067,2.128,1
4068,2.104,1
4069,1.500,0
4070,2.529,1
4071,2.208,0
4072,1.500,0
4073,1.000,0
4074,3.756,1
4075,2.174,0
4076,3.401,0
4077,3.333,0
4078,2.446,1
4079,1.500,0
4080,3.400,1
4081,1.714,0
4082,5.888,0
4083,3.233,0
4084,2.458,1
4085,3.787,1
4086,2.000,1
4087,1.428,0
4088,1.515,0
4089,25.812,0
4090,2.900,1
4091,2.288,0
4092,15.892,1
4093,2.125,1
4094,1.166,0
4095,3.333,0
4096,4.312,0
4097,2.333,0
4098,24.333,1
4099,1.800,0
4100,2.228,1
4101,1.601,0
4102,4.420,1
4103,7.531,0
4104,5.891,1
4105,4.242,0
4106,2.300,1
4107,1.000,1
4108,2.862,0
4109,2.032,0
4110,2.200,1
4111,4.454,0
4112,1.888,0
4113,6.029,1
4114,4.153,0
4115,2.616,1
4116,1.671,1
4117,1.000,0
4118,1.650,1
4119,2.042,1
4120,2.352,0
4121,4.823,1
4122,1.500,0
4123,2.285,0
4124,2.285,0
4125,3.771,1
4126,3.714,0
4127,2.338,1
4128,5.944,1
4129,6.918,1
4130,3.444,0
4131,5.349,1
4132,2.333,1
4133,5.000,1
4134,2.361,0
4135,7.836,1
4136,4.022,1
4137,1.000,0
4138,1.812,0
4139,5.166,1
4140,1.800,0
4141,1.000,0
4142,1.641,0
4143,4.818,1
4144,1.875,0
4145,1.470,1
4146,2.542,1
4147,3.791,1
4148,2.451,1
4149,1.730,0
4150,1.024,0
4151,8.411,1
4152,1.500,0
4153,1.000,0
4154,1.562,0
4155,1.727,0
4156,1.000,0
4157,4.379,0
4158,2.744,0
4159,1.679,0
4160,3.353,1
4161,1.000,0
4162,1.304,1
4163,1.800,0
4164,7.000,1
4165,1.767,0
4166,2.276,1
4167,5.038,1
4168,1.403,0
4169,1.759,0
4170,6.590,1
4171,1.800,0
4172,1.000,0
4173,3.461,0
4174,3.548,1
4175,2.333,0
4176,4.740,1
4177,2.333,1
4178,1.000,0
4179,12.055,1
4180,3.891,0
4181,1.629,0
4182,1.122,0
4183,1.000,0
4184,2.587,0
4185,2.222,0
4186,3.787,0
4187,2.130,0
4188,1.238,0
4189,1.750,0
4190,3.571,0
4191,2.500,1
4192,1.222,0
4193,1.377,1
4194,1.260,0
4195,1.962,0
4196,2.847,1
4197,3.173,1
4198,1.526,0
4199,1.565,0
4200,3.478,0
4201,1.227,1
4202,1.375,0
4203,1.400,0
4204,1.826,0
4205,1.000,1
4206,8.461,1
4207,1.000,0
4208,1.972,0
4209,2.482,0
4210,1.928,0
4211,4.484,0
4212,1.000,0
4213,1.625,0
4214,1.714,0
4215,1.750,0
4216,5.163,1
4217,3.039,0
4218,1.000,0
4219,1.551,0
4220,7.951,1
4221,1.493,1
4222,2.285,1
4223,2.842,0
4224,5.333,0
4225,7.138,1
4226,1.646,0
4227,1.125,0
4228,1.958,0
4229,1.874,1
4230,1.000,0
4231,2.529,0
4232,2.021,1
4233,1.500,0
4234,2.875,1
4235,11.888,1
4236,1.884,0
4237,2.130,1
4238,1.000,0
4239,1.000,0
4240,1.218,0
4241,3.382,0
4242,5.538,1
4243,1.136,0
4244,7.538,1
4245,2.062,1
4246,2.550,0
4247,1.650,0
4248,7.527,1
4249,5.800,1
4250,3.202,0
4251,1.000,0
4252,4.142,1
4253,2.108,0
4254,2.884,1
4255,5.689,0
4256,2.466,1
4257,1.800,0
4258,1.851,0
4259,3.322,1
4260,1.000,0
4261,1.090,0
4262,5.870,1
4263,1.867,1
4264,1.247,0
4265,1.216,1
4266,1.787,1
4267,1.392,0
4268,5.181,1
4269,1.666,0
4270,3.333,0
4271,3.041,0
4272,1.093,0
4273,2.187,0
4274,1.287,0
4275,1.533,0
4276,1.000,0
4277,1.269,0
4278,6.045,1
4279,1.900,0
4280,3.946,1
4281,4.500,0
4282,5.781,1
4283,10.000,1
4284,1.551,0
4285,4.312,0
4286,2.417,1
4287,62.750,1
4288,1.517,0
4289,1.625,0
4290,2.121,1
4291,1.611,0
4292,1.972,0
4293,3.979,1
4294,2.984,0
4295,1.909,0
4296,4.400,0
4297,2.729,0
4298,1.632,0
4299,9.584,1
4300,1.652,0
4301,2.303,0
4302,3.312,0
4303,3.108,0
4304,4.652,1
4305,4.592,1
4306,2.125,0
4307,2.136,0
4308,1.564,0
4309,1.394,0
4310,2.804,0
4311,2.787,0
4312,1.500,0
4313,13.017,1
4314,5.114,1
4315,3.200,0
4316,2.813,0
4317,2.820,1
4318,2.800,0
4319,1.748,0
4320,2.876,0
4321,4.070,1
4322,1.111,0
4323,2.206,0
4324,2.142,0
4325,1.980,0
4326,1.657,0
4327,3.758,1
4328,14.619,1
4329,4.727,1
4330,1.000,1
4331,2.000,0
4332,2.356,0
4333,1.990,0
4334,2.023,0
4335,2.319,0
4336,2.138,0
4337,1.607,0
4338,15.080,1
4339,1.611,0
4340,64.416,1
4341,1.857,0
4342,1.412,0
4343,2.350,1
4344,1.333,0
4345,3.150,1
4346,2.617,0
4347,1.640,0
4348,1.000,0
4349,1.956,0
4350,11.312,1
4351,8.192,1
4352,2.315,1
4353,8.445,1
4354,9.043,1
4355,1.488,0
4356,5.173,1
4357,3.578,0
4358,1.000,0
4359,3.812,1
4360,1.062,0
4361,3.115,1
4362,1.769,1
4363,1.784,0
4364,1.880,1
4365,10.817,1
4366,16.739,1
4367,3.270,0
4368,102.666,1
4369,1.625,0
4370,1.600,0
4371,2.638,1
4372,3.909,1
4373,3.545,1
4374,2.111,0
4375,1.062,0
4376,667.000,1
4377,3.192,1
4378,2.704,1
4379,1.800,0
4380,1.545,0
4381,12.332,1
4382,3.193,0
4383,4.071,1
4384,3.062,1
4385,3.388,0
4386,5.133,1
4387,1.481,0
4388,5.322,1
4389,13.000,1
4390,1.138,0
4391,9.100,1
4392,2.687,1
4393,2.454,0
4394,2.928,0
4395,664.000,1
4396,1.000,0
4397,3.533,0
4398,3.183,0
4399,1.000,0
4400,1.000,0
4401,1.523,0
4402,2.111,0
4403,1.125,0
4404,1.300,0
4405,12.454,1
4406,4.411,1
4407,3.275,1
4408,6.186,1
4409,1.266,0
4410,7.170,1
4411,4.100,1
4412,4.043,0
4413,2.616,0
4414,1.000,0
4415,1.411,1
4416,2.913,1
4417,1.198,0
4418,2.184,1
4419,2.125,0
4420,3.857,1
4421,1.142,0
4422,3.427,0
4423,2.396,0
4424,4.053,1
4425,11.960,1
4426,2.250,0
4427,1.583,0
4428,2.615,0
4429,5.153,0
4430,11.793,1
4431,1.000,0
4432,2.186,0
4433,1.736,0
4434,1.793,0
4435,1.526,1
4436,3.016,0
4437,4.434,0
4438,2.215,1
4439,1.000,0
4440,3.000,0
4441,2.705,0
4442,2.011,0
4443,3.412,1
4444,3.333,0
4445,3.166,1
4446,1.222,0
4447,2.600,0
4448,17.952,0
4449,4.761,1
4450,1.333,0
4451,1.983,0
4452,4.000,1
4453,2.021,1
4454,2.481,1
4455,3.887,1
4456,1.690,1
4457,2.030,1
4458,2.250,0
4459,1.608,1
4460,6.611,1
4461,1.666,0
4462,1.300,0
4463,2.000,0
4464,1.000,0
4465,1.000,0
4466,2.050,1
4467,1.705,0
4468,1.000,0
4469,2.000,0
4470,2.113,0
4471,2.217,0
4472,1.000,0
4473,2.214,0
4474,4.281,1
4475,11.288,1
4476,2.321,0
4477,3.153,0
4478,2.766,1
4479,7.983,1
4480,3.125,0
4481,9.000,1
4482,3.333,0
4483,2.125,1
4484,1.190,0
4485,1.987,1
4486,8.733,1
4487,2.521,0
4488,3.272,1
4489,1.482,0
4490,1.000,0
4491,1.863,1
4492,1.000,0
4493,5.888,0
4494,1.794,1
4495,1.370,0
4496,1.357,0
4497,1.032,0
4498,4.840,0
4499,5.277,0
4500,2.000,0
4501,1.411,0
4502,5.809,1
4503,1.923,0
4504,3.537,1
4505,1.520,0
4506,1.243,1
4507,2.166,0
4508,2.297,0
4509,3.360,0
4510,7.288,0
4511,1.715,0
4512,9.428,1
4513,2.039,1
4514,1.594,1
4515,2.061,1
4516,5.750,1
4517,1.250,0
4518,1.375,0
4519,2.583,0
4520,2.096,0
4521,1.294,0
4522,1.725,1
4523,2.638,1
4524,7.781,1
4525,2.170,1
4526,2.307,1
4527,2.007,0
4528,1.166,1
4529,2.052,0
4530,3.900,0
4531,1.377,1
4532,1.790,1
4533,5.466,1
4534,1.000,0
4535,1.680,1
4536,1.500,0
4537,2.769,0
4538,1.528,0
4539,2.622,1
4540,1.731,0
4541,2.152,0
4542,1.714,0
4543,1.000,0
4544,3.488,1
4545,6.833,1
4546,2.815,1
4547,1.000,0
4548,1.666,0
4549,1.625,0
4550,4.869,1
4551,5.598,1
4552,2.379,0
4553,3.025,1
4554,2.909,0
4555,2.106,0
4556,1.000,0
4557,1.000,0
4558,2.000,0
4559,6.896,1
4560,5.397,0
4561,4.928,1
4562,72.500,1
4563,1.400,0
4564,3.184,1
4565,3.656,1
4566,2.230,0
4567,2.924,0
4568,2.000,0
4569,2.508,0
4570,2.484,1
4571,1.500,0
4572,1.885,0
4573,1.409,1
4574,5.594,1
4575,1.974,1
4576,5.622,1
4577,2.185,0
4578,1.600,0
4579,3.344,0
4580,1.392,1
4581,5.047,1
4582,7.233,1
4583,1.437,0
4584,7.549,1
4585,4.333,1
4586,5.423,1
4587,3.388,1
4588,1.733,0
4589,1.076,0
4590,3.157,0
4591,1.285,0
4592,1.000,0
4593,7.313,1
4594,2.939,0
4595,2.000,0
4596,6.145,0
4597,3.266,0
4598,29.125,1
4599,2.416,0
4600,24.375,1
4601,1.895,1